response_id,experiment_id,study_id,origin,org_level,flux_pattern,secondary_temp,mean_temp_constant,flux_range,period_flux,resp_def,resp_units,constant_resp,flux_resp,constant_variance,flux_variance,constant_samp,flux_samp,resp_quality,variance_type,genus,species,larger_group,exp_age,size,add_covariate,add_covariate_value,extra_covariate,extra_value,add_info,time_point,time_units,same_mean..y.n.,stressful,environment,duration,duration_units,notes,SD_constant,SD_variable,yi,vi,metric
1,1,garcaruiz2011,table 1,0,1,24,15,6.5,24,developmental time,days,29.48,29.6,0.07,0.32,101,113,0,0,Xylotrechus,arvicola,1,1,1,NA,NA,NA,NA,NA,NA,NA,y,NA,terrestrial,29.54,days,NA,0.703491293,0.181019336,0.238789572,0.018883773,development
1,1,garcaruiz2011,table 1,0,1,24,18,12.5,24,developmental time,days,17.52,16.04,0.05,0.04,114,155,0,0,Xylotrechus,arvicola,1,1,1,NA,NA,NA,NA,NA,NA,NA,y,NA,terrestrial,16.78,days,NA,0.533853913,0.008,-4.24879978,0.048778003,development
1,1,garcaruiz2011,table 1,0,1,24,21,13,24,developmental time,days,10.3,11.48,0.07,0.08,107,148,0,0,Xylotrechus,arvicola,1,1,1,NA,NA,NA,NA,NA,NA,NA,y,NA,terrestrial,10.89,days,NA,0.72408563,0.022627417,2.508503406,0.028440962,development
1,1,garcaruiz2011,table 1,0,1,24,24,13,24,developmental time,days,8.02,10.61,0.02,0.04,115,184,0,0,Xylotrechus,arvicola,1,1,1,NA,NA,NA,NA,NA,NA,NA,y,NA,terrestrial,9.315,days,NA,0.214476106,0.008,19.42061765,0.644833428,development
1,1,garcaruiz2011,table 1,0,1,24,27,13,24,developmental time,days,7,7.56,0,0.04,77,186,0,0,Xylotrechus,arvicola,1,1,1,NA,NA,NA,NA,NA,NA,NA,y,NA,terrestrial,7.28,days,NA,0,0.008,82.90510239,13.08538998,development
1,1,garcaruiz2011,table 1,0,1,24,30,13,24,developmental time,days,6.95,7.32,0.03,0.07,106,150,0,0,Xylotrechus,arvicola,1,1,1,NA,NA,NA,NA,NA,NA,NA,y,NA,terrestrial,7.135,days,NA,0.308868904,0.018520259,1.852929646,0.022806387,development
1,1,garcaruiz2011,table 1,0,1,24,32,10,24,developmental time,days,6.03,7.25,0.09,0.09,68,96,0,0,Xylotrechus,arvicola,1,1,1,NA,NA,NA,NA,NA,NA,NA,y,NA,terrestrial,6.64,days,NA,0.742159013,0.027,2.541890915,0.044821358,development
1,1,garcaruiz2011,table 1,0,1,24,34,6,24,developmental time,days,6.41,7.31,0.09,0.15,144,128,0,0,Xylotrechus,arvicola,1,1,1,NA,NA,NA,NA,NA,NA,NA,y,NA,terrestrial,6.86,days,NA,1.08,0.05809475,1.140422966,0.017147688,development
2,1,glass2019,figure 2a,0,1,28,28,10,24,"ovary mass, dry",mg,7.717842324,7.966804979,2.116182573,1.12033195,125,125,1,0,Gryllus,firmus,1,1,1,food availability,low,morph,long winged,NA,NA,NA,y,y,terrestrial,5,days,NA,23.65964043,1.185823581,0.01481765,0.016000439,size
2,1,glass2019,figure 2a,0,1,28,28,10,24,"ovary mass, dry",mg,17.42738589,14.68879668,5.601659751,5.975103734,125,125,1,0,Gryllus,firmus,1,1,1,food availability,low,morph,short winged,NA,NA,NA,y,y,terrestrial,5,days,NA,62.62845995,14.60555869,-0.060041739,0.01600721,size
2,1,glass2019,figure 2a,0,1,28,28,10,24,"ovary mass, dry",mg,28.63070539,28.63070539,3.98340249,4.356846473,125,125,1,0,Gryllus,firmus,1,1,1,food availability,high,morph,long winged,NA,NA,NA,y,y,terrestrial,5,days,NA,44.53579375,9.094071925,0,0.016,size
2,1,glass2019,figure 2a,0,1,28,28,10,24,"ovary mass, dry",mg,35.60165975,41.82572614,6.22406639,8.091286307,125,125,1,0,Gryllus,firmus,1,1,1,food availability,high,morph,short winged,NA,NA,NA,y,y,terrestrial,5,days,NA,69.58717772,23.01581474,0.11972921,0.01602867,size
2,1,glass2019,figure 2b,0,1,28,28,10,24,"testes mass, dry",mg,8.165975104,8.713692946,0.721991701,0.572614108,121,121,1,0,Gryllus,firmus,1,1,1,food availability,low,morph,long winged,NA,NA,NA,y,y,terrestrial,5,days,NA,7.941908711,0.433304367,0.097082426,0.016548399,size
2,1,glass2019,figure 2b,0,1,28,28,10,24,"testes mass, dry",mg,7.369294606,9.609958506,0.622406639,0.746887967,121,121,1,0,Gryllus,firmus,1,1,1,food availability,low,morph,short winged,NA,NA,NA,y,y,terrestrial,5,days,NA,6.846473029,0.6454806,0.459348452,0.016964878,size
2,1,glass2019,figure 2b,0,1,28,28,10,24,"testes mass, dry",mg,9.958506224,8.912863071,0.423236515,0.721991701,121,121,1,0,Gryllus,firmus,1,1,1,food availability,high,morph,long winged,NA,NA,NA,y,y,terrestrial,5,days,NA,4.655601665,0.613477033,-0.313923326,0.016732537,size
2,1,glass2019,figure 2b,0,1,28,28,10,24,"testes mass, dry",mg,8.315352697,8.165975104,0.746887967,0.67219917,121,121,1,0,Gryllus,firmus,1,1,1,food availability,high,morph,short winged,NA,NA,NA,y,n,terrestrial,5,days,NA,8.215767637,0.551120998,-0.025575046,0.016530277,size
1,1,kern_2015phys,table 1,0,1,24,24,10,24,development,days,90.79,115.55,0.72,0.86,192,192,0,0,Limnodynastes,peronii,1,1,2,NA,NA,NA,NA,NA,NA,NA,NA,n,aquatic,103.17,days,103.17,9.976612652,0.797531191,3.491765887,0.026292225,NA
2,1,kern_2015phys,table 1,0,1,24,24,10,24,body mass,g,338.24,320.95,7.41,5.4,192,192,0,0,Limnodynastes,peronii,1,1,2,NA,NA,NA,NA,NA,NA,NA,NA,n,aquatic,103.17,days,NA,102.6759719,12.54846604,-0.235921547,0.010489139,size
3,1,kern_2015phys,table 1,0,1,24,24,10,24,body length,mm,12.44,12.46,0.1,0.1,192,192,0,0,Limnodynastes,peronii,1,1,2,NA,NA,NA,NA,NA,NA,NA,NA,n,aquatic,103.17,days,NA,1.385640646,0.031622777,0.020367004,0.010417207,size
4,1,kern_2015phys,table 1,0,1,24,24,10,24,tail length,mm,26.2,25.12,0.3,0.25,192,192,0,0,Limnodynastes,peronii,1,1,2,NA,NA,NA,NA,NA,NA,NA,NA,n,aquatic,103.17,days,NA,4.156921938,0.125,-0.366535851,0.0105916,size
1,1,kern_2015phys,table 1,0,1,24,24,10,24,development,days,156.43,200.93,1.1,0.65,163,163,0,0,Limnodynastes,tasmaniensis,1,1,2,NA,NA,NA,NA,NA,NA,NA,NA,n,aquatic,178.68,days,NA,14.04385987,0.524046754,4.46764842,0.042883255,NA
2,1,kern_2015phys,table 1,0,1,24,24,10,24,body mass,g,463.13,370.12,8.92,9.24,163,163,0,0,Limnodynastes,tasmaniensis,1,1,2,NA,NA,NA,NA,NA,NA,NA,NA,n,aquatic,178.68,days,NA,113.8829364,28.08716832,-1.118809784,0.014189778,size
3,1,kern_2015phys,table 1,0,1,24,24,10,24,body length,mm,14.16,13.46,0.12,0.13,163,163,0,0,Limnodynastes,tasmaniensis,1,1,2,NA,NA,NA,NA,NA,NA,NA,NA,n,aquatic,178.68,days,NA,1.53205744,0.046872167,-0.644358331,0.012906745,size
4,1,kern_2015phys,table 1,0,1,24,24,10,24,tail length,mm,28.03,24.1,0.24,0.25,163,163,0,0,Limnodynastes,tasmaniensis,1,1,2,NA,NA,NA,NA,NA,NA,NA,NA,n,aquatic,178.68,days,NA,3.06411488,0.125,-1.808148269,0.017284356,size
1,1,kern_2015phys,table 1,0,1,24,24,10,24,development,days,29.75,25.6,0.38,0.33,245,245,0,0,Platyplectrum,ornatum,1,1,2,NA,NA,NA,NA,NA,NA,NA,NA,n,aquatic,27.675,days,NA,5.94794082,0.189570567,-0.984708338,0.009152705,NA
2,1,kern_2015phys,table 1,0,1,24,24,10,24,body mass,g,243.26,182.66,6.16,4.62,245,245,0,0,Platyplectrum,ornatum,1,1,2,NA,NA,NA,NA,NA,NA,NA,NA,n,aquatic,27.675,days,NA,96.41925119,9.93031359,-0.88280404,0.008958513,size
4,1,kern_2015phys,table 1,0,1,24,24,10,24,body length,mm,11.48,10.46,0.12,0.11,245,245,0,0,Platyplectrum,ornatum,1,1,2,NA,NA,NA,NA,NA,NA,NA,NA,n,aquatic,27.675,days,NA,1.878297101,0.036482873,-0.766656108,0.008763022,size
3,1,kern_2015phys,table 1,0,1,24,24,10,24,tail length,mm,19.77,17.78,0.21,0.22,245,245,0,0,Platyplectrum,ornatum,1,1,2,NA,NA,NA,NA,NA,NA,NA,NA,n,aquatic,27.675,days,NA,3.287019927,0.103189147,-0.854443729,0.008908239,size
1,1,kern_2015phys,table 1,0,1,24,24,20,24,development,days,29.75,25.74,0.38,0.46,245,245,0,0,Platyplectrum,ornatum,1,1,2,NA,NA,NA,NA,NA,NA,NA,NA,n,aquatic,27.675,days,NA,5.94794082,0.311987179,-0.950665509,0.009085474,NA
2,1,kern_2015phys,table 1,0,1,24,24,20,24,body mass,g,243.26,140.45,6.16,3.6,245,245,0,0,Platyplectrum,ornatum,1,1,2,NA,NA,NA,NA,NA,NA,NA,NA,n,aquatic,27.675,days,NA,96.41925119,6.830519746,-1.501865999,0.010464899,size
4,1,kern_2015phys,table 1,0,1,24,24,20,24,body length,mm,11.48,9.67,0.12,0.09,245,245,0,0,Platyplectrum,ornatum,1,1,2,NA,NA,NA,NA,NA,NA,NA,NA,n,aquatic,27.675,days,NA,1.878297101,0.027,-1.36055482,0.010052152,size
3,1,kern_2015phys,table 1,0,1,24,24,20,24,tail length,mm,19.77,17.02,0.21,0.2,245,245,0,0,Platyplectrum,ornatum,1,1,2,NA,NA,NA,NA,NA,NA,NA,NA,n,aquatic,27.675,days,NA,3.287019927,0.089442719,-1.180908524,0.00958627,size
1,1,maneti2014,figure 2a,0,1,23,23,15,24,productivity,offspring/female,78.12,70.56,2.16,2.7,20,20,1,0,Drosophila,simulans,1,1,1,NA,NA,NA,NA,NA,NA,NA,y,y,terrestrial,2,weeks,NA,9.659813663,4.436552716,-0.985784939,0.112147149,energetics
1,1,maneti2014,figure 2a,0,1,23,23,15,24,productivity,offspring/female,78.12,72.84,2.16,2.4,20,20,1,0,Drosophila,simulans,1,1,1,NA,NA,NA,NA,NA,NA,NA,y,y,terrestrial,2,weeks,NA,9.659813663,3.718064012,-0.707059896,0.106249171,energetics
2,1,maneti2014,figure 2c,1,1,23,23,15,24,egg to adult viability,percent,70.90687473,71.96135094,2.389558233,3.092369478,20,20,1,0,Drosophila,simulans,1,1,1,NA,NA,NA,NA,NA,NA,NA,y,y,terrestrial,2,weeks,NA,10.68642929,5.437973253,0.121896334,0.100185734,survivorship
2,1,maneti2014,figure 2c,1,1,23,23,15,24,egg to adult viability,percent,70.90687473,82.01181108,2.389558233,3.092369478,20,20,1,0,Drosophila,simulans,1,1,1,NA,NA,NA,NA,NA,NA,NA,y,y,terrestrial,2,weeks,NA,10.68642929,5.437973253,1.283718895,0.120599178,survivorship
3,1,maneti2014,figure 2e,0,1,23,23,15,24,developmental time,days,10.2313253,11.0939759,0.014457831,0.01686747,20,20,1,0,Drosophila,simulans,1,1,1,NA,NA,NA,NA,NA,NA,NA,y,y,terrestrial,2,weeks,NA,0.064657386,0.00219066,18.48236989,4.369974958,development
3,1,maneti2014,figure 2e,0,1,23,23,15,24,developmental time,days,10.2313253,10.04819277,0.014457831,0.019277108,20,20,1,0,Drosophila,simulans,1,1,1,NA,NA,NA,NA,NA,NA,NA,y,y,terrestrial,2,weeks,NA,0.064657386,0.002676473,-3.922523752,0.292327407,development
4,1,maneti2014,figure 2f,0,1,23,23,15,24,dessication tolerance,time to  death (hour),15.53071892,14.5769634,0.351410811,0.321289884,20,20,1,0,Drosophila,simulans,1,1,1,NA,NA,NA,NA,NA,NA,NA,y,y,terrestrial,2,weeks,NA,1.571556923,0.182114941,-0.835603721,0.10872792,survivorship
4,1,maneti2014,figure 2f,0,1,23,23,15,24,dessication tolerance,time to  death (hour),15.53071892,13.84402085,0.351410811,0.301209267,20,20,1,0,Drosophila,simulans,1,1,1,NA,NA,NA,NA,NA,NA,NA,y,y,terrestrial,2,weeks,NA,1.571556923,0.165311282,-1.479475325,0.12736059,survivorship
5,1,maneti2014,figure 2g,0,1,23,23,15,24,body (centroid) size,pixels,1460.333824,1416.933824,4.6,5.4,20,20,1,0,Drosophila,simulans,1,1,1,NA,NA,NA,NA,NA,NA,NA,y,y,terrestrial,2,weeks,NA,20.57182539,12.54846604,-2.496417826,0.177901275,size
5,1,maneti2014,figure 2g,0,1,23,23,15,24,body (centroid) size,pixels,1460.333824,1437.933824,4.6,4.6,20,20,1,0,Drosophila,simulans,1,1,1,NA,NA,NA,NA,NA,NA,NA,y,y,terrestrial,2,weeks,NA,20.57182539,9.865900871,-1.360857432,0.123149162,size
6,1,maneti2014,figure 2h,0,1,23,23,15,24,startvation tolerance,time to  death (hour),4.001205617,4.017421834,0.059459459,0.057657658,20,20,1,0,Drosophila,simulans,1,1,1,NA,NA,NA,NA,NA,NA,NA,y,y,terrestrial,2,weeks,NA,0.265910784,0.013844762,0.084414246,0.100089072,survivorship
6,1,maneti2014,figure 2h,0,1,23,23,15,24,startvation tolerance,time to  death (hour),4.001205617,3.810227875,0.059459459,0.05586248,20,20,1,0,Drosophila,simulans,1,1,1,NA,NA,NA,NA,NA,NA,NA,y,y,terrestrial,2,weeks,NA,0.265910784,0.013203234,-0.994264886,0.112357033,survivorship
2,1,rolandi2018,figure 2b,0,1,28,24,15,24,average cumulative number of eggs laid per female,eggs laid,32.56667133,20.37290121,2.219420294,2.117341548,300,300,1,0,Rhodnius,prolixus,1,2,1,sexual maturity,mated females,NA,NA,NA,32.91380781,days after feeding,y,n,terrestrial,35,days,NA,38.44148713,3.080962267,-0.446598379,0.006832875,fecundity
2,1,rolandi2018,figure 2b,0,1,28,24,15,24,average cumulative number of eggs laid per female,eggs laid,10.066805,9.556602212,2.091831409,1.836730018,300,300,1,0,Rhodnius,prolixus,1,2,1,sexual maturity,virgin females,NA,NA,NA,32.97930165,days after feeding,y,n,terrestrial,35,days,NA,36.23158281,2.489246962,-0.019842786,0.006666995,fecundity
1,2,simonici2019,table 1,1,1,31,31,4,24,percent females,percent,100,89.4,0,6,18,27,0,0,Caiman,latirostris,1,1,3,year of experiment,first year,NA,NA,NA,NA,NA,y,n,aquatic,75,days,NA,0,14.69693846,-0.911238622,0.101818768,fecundity
2,2,simonici2019,table 1,0,1,31,31,4,24,incubation period,days,75.6,74.9,0.3,0.3,18,27,0,0,Caiman,latirostris,1,1,3,year of experiment,first year,NA,NA,NA,NA,NA,y,n,aquatic,75,days,NA,1.272792206,0.164316767,-0.848574777,0.100593472,development
3,1,simonici2019,table 1,1,1,31,31,4,24,hatching success,percent,71,83,5,4,18,27,0,0,Caiman,latirostris,1,1,3,year of experiment,first year,NA,NA,NA,NA,NA,y,n,aquatic,75,days,NA,21.21320344,8,0.801037656,0.099722163,fecundity
4,1,simonici2019,table 1,0,1,31,31,4,24,total length,cm,24.2,24.9,0.2,0.5,18,27,0,0,Caiman,latirostris,1,1,3,year of experiment,first year,NA,NA,NA,NA,NA,y,n,aquatic,75,days,NA,0.848528137,0.353553391,1.145808749,0.107180122,size
5,1,simonici2019,table 1,0,1,31,31,4,24,mass,g,51.6,51.4,1,1,18,27,0,0,Caiman,latirostris,1,1,3,year of experiment,first year,NA,NA,NA,NA,NA,y,n,aquatic,75,days,NA,4.242640687,1,-0.070713243,0.092648152,size
1,1,delava2016,table 1,1,0,25,20.1,7,24,survival,percent,67,65.2,11.4,13.18,125,125,0,0,Drosophila,melanogaster,1,1,1,NA,NA,NA,NA,NA,NA,NA,y,n,terrestrial,33,days,NA,127.4558747,47.84902749,-0.018641454,0.016000695,survivorship
2,1,delava2016,table 1,0,0,25,20.1,7,24,development time,days,36.27,30.51,4.82,0.89,125,125,0,0,Leptopilina,boulardi,1,1,1,NA,NA,NA,NA,NA,NA,NA,y,n,terrestrial,33,days,NA,53.88923826,0.839624321,-0.150683534,0.016045411,development
3,1,delava2016,table 1,1,0,25,20.1,7,24,infestation rate,percent,70,61.25,14.4,10.84,125,125,0,0,Leptopilina,boulardi,1,1,1,NA,NA,NA,NA,NA,NA,NA,y,n,terrestrial,33,days,NA,160.9968944,35.68978431,-0.074812038,0.016011194,survivorship
4,1,delava2016,table 1,1,0,25,20.1,7,24,success of parasitism,percent,39.84,60.19,13.3,15.35,125,125,0,0,Leptopilina,boulardi,1,1,1,NA,NA,NA,NA,NA,NA,NA,y,n,terrestrial,33,days,NA,148.6985205,60.13988173,0.178878852,0.016063995,survivorship
1,1,delava2016,table 1,1,0,25,20.1,10,24,survival,percent,67,66.8,11.4,9.96,125,125,0,0,Drosophila,melanogaster,1,1,1,NA,NA,NA,NA,NA,NA,NA,y,y,terrestrial,33,days,NA,127.4558747,31.43322981,-0.002148063,0.016000009,survivorship
2,1,delava2016,table 1,0,0,25,20.1,10,24,development time,days,36.27,30.52,4.82,0.64,125,125,0,0,Leptopilina,boulardi,1,1,1,NA,NA,NA,NA,NA,NA,NA,y,y,terrestrial,33,days,NA,53.88923826,0.512,-0.150433398,0.01604526,development
3,1,delava2016,table 1,1,0,25,20.1,10,24,infestation rate,percent,70,63.17,14.4,17.78,125,125,0,0,Leptopilina,boulardi,1,1,1,NA,NA,NA,NA,NA,NA,NA,y,y,terrestrial,33,days,NA,160.9968944,74.97174769,-0.054222891,0.01600588,survivorship
4,1,delava2016,table 1,1,0,25,20.1,10,24,success of parasitism,percent,39.84,69.21,13.3,11.33,125,125,0,0,Leptopilina,boulardi,1,1,1,NA,NA,NA,NA,NA,NA,NA,y,y,terrestrial,33,days,NA,148.6985205,38.13685405,0.269750414,0.016145531,survivorship
2,1,lowenborg2012,figure 2b,0,1,25,25,12,24,days to first slough,days,9.075268817,10.27956989,0.49382716,0.541616886,25,29,1,1,Natrix,natrix,1,1,2,NA,NA,NA,NA,NA,NA,NA,y,y,aquatic,40,days,NA,0.49382716,0.541616886,2.281906526,0.122696623,development
1,1,lowenborg2012,figure 4a,0,1,25,25,12,24,aquatic speed,m * s^-1,0.246757679,0.272696246,0.025281254,0.022247503,25,29,1,1,Natrix,natrix,1,1,2,NA,NA,NA,NA,NA,NA,NA,y,y,aquatic,40,days,NA,0.025281254,0.022247503,1.078761512,0.085258003,energetics
3,1,lowenborg2012,figure 4c,0,1,25,25,12,24,distance covered,m,2.8125,3.125,1.774691358,1.800411523,25,29,1,1,Natrix,natrix,1,1,2,NA,NA,NA,NA,NA,NA,NA,y,y,aquatic,40,days,NA,1.774691358,1.800411523,0.172184755,0.074757273,energetics
1,2,qu2014,table 2,0,1,27,27,6,24,body mass,g,0.71,0.7,0.02,0.01,20,20,0,0,Plestiodon,chinensis,1,1,2,NA,NA,NA,NA,NA,NA,NA,y,n,terrestrial,26,days,NA,0.089442719,0.001,-0.154959377,0.100300155,size
2,2,qu2014,table 2,0,1,27,27,6,24,snout-vent length,mm,31.3,30.7,0.2,0.3,20,20,0,0,Plestiodon,chinensis,1,1,2,NA,NA,NA,NA,NA,NA,NA,y,n,terrestrial,26,days,NA,0.894427191,0.164316767,-0.91451007,0.110454108,size
3,1,qu2014,table 2,0,1,27,27,6,24,abdomen length,mm,14,13.9,0.2,0.2,20,20,0,0,Plestiodon,chinensis,1,1,2,NA,NA,NA,NA,NA,NA,NA,y,n,terrestrial,26,days,NA,0.894427191,0.089442719,-0.154199979,0.10029722,size
4,1,qu2014,table 2,0,1,27,27,6,24,tail length,mm,37.6,37.2,0.5,0.5,20,20,0,0,Plestiodon,chinensis,1,1,2,NA,NA,NA,NA,NA,NA,NA,y,n,terrestrial,26,days,NA,2.236067977,0.353553391,-0.244908046,0.100749749,size
5,1,qu2014,table 2,0,1,27,27,6,24,head length,mm,7.2,7.2,0.03,0.05,20,20,0,0,Plestiodon,chinensis,1,1,2,NA,NA,NA,NA,NA,NA,NA,y,n,terrestrial,26,days,NA,0.134164079,0.01118034,0,0.1,size
6,1,qu2014,table 2,0,1,27,27,6,24,head width,mm,5.2,5.1,0.04,0.03,20,20,0,0,Plestiodon,chinensis,1,1,2,NA,NA,NA,NA,NA,NA,NA,y,n,terrestrial,26,days,NA,0.178885438,0.005196152,-0.774518626,0.107498489,size
7,1,qu2014,table 2,0,1,27,27,6,24,fore-limb length,mm,6.2,6.1,0.04,0.06,20,20,0,0,Plestiodon,chinensis,1,1,2,NA,NA,NA,NA,NA,NA,NA,y,n,terrestrial,26,days,NA,0.178885438,0.014696938,-0.772243369,0.107454498,size
8,1,qu2014,table 2,0,1,27,27,6,24,hind-limb length,mm,7.2,7.1,0.05,0.07,20,20,0,0,Plestiodon,chinensis,1,1,2,NA,NA,NA,NA,NA,NA,NA,y,n,terrestrial,26,days,NA,0.223606798,0.018520259,-0.617760947,0.104770357,size
9,1,qu2014,table 2,0,1,27,27,6,24,maximal length,m,0.55,0.67,0.03,0.08,20,20,0,0,Plestiodon,chinensis,1,1,2,NA,NA,NA,NA,NA,NA,NA,y,n,terrestrial,26,days,NA,0.134164079,0.022627417,1.222487907,0.118680959,size
10,1,qu2014,table 2,0,1,27,27,6,24,sprint speed,m * s^-1,0.43,0.43,0.01,0.02,20,20,0,0,Plestiodon,chinensis,1,1,2,NA,NA,NA,NA,NA,NA,NA,y,n,terrestrial,26,days,NA,0.04472136,0.002828427,0,0.1,energetics
1,1,qu2014,table 2,0,1,27,27,10,24,body mass,g,0.71,0.67,0.02,0.01,20,20,0,0,Plestiodon,chinensis,1,1,2,NA,NA,NA,NA,NA,NA,NA,y,n,terrestrial,26,days,NA,0.089442719,0.001,-0.619837507,0.104802482,size
2,1,qu2014,table 2,0,1,27,27,10,24,snout-vent length,mm,31.3,30.8,0.2,0.3,20,20,0,0,Plestiodon,chinensis,1,1,2,NA,NA,NA,NA,NA,NA,NA,y,n,terrestrial,26,days,NA,0.894427191,0.164316767,-0.762091725,0.107259797,size
3,1,qu2014,table 2,0,1,27,27,10,24,abdomen length,mm,14,13.8,0.2,0.2,20,20,0,0,Plestiodon,chinensis,1,1,2,NA,NA,NA,NA,NA,NA,NA,y,n,terrestrial,26,days,NA,0.894427191,0.089442719,-0.308399959,0.101188882,size
4,1,qu2014,table 2,0,1,27,27,10,24,tail length,mm,37.6,36.9,0.5,0.6,20,20,0,0,Plestiodon,chinensis,1,1,2,NA,NA,NA,NA,NA,NA,NA,y,n,terrestrial,26,days,NA,2.236067977,0.464758002,-0.424833979,0.102256049,size
5,1,qu2014,table 2,0,1,27,27,10,24,head length,mm,7.2,7.1,0.03,0.05,20,20,0,0,Plestiodon,chinensis,1,1,2,NA,NA,NA,NA,NA,NA,NA,y,n,terrestrial,26,days,NA,0.134164079,0.01118034,-1.029558406,0.113249881,size
6,1,qu2014,table 2,0,1,27,27,10,24,head width,mm,5.2,5.1,0.04,0.04,20,20,0,0,Plestiodon,chinensis,1,1,2,NA,NA,NA,NA,NA,NA,NA,y,n,terrestrial,26,days,NA,0.178885438,0.008,-0.774071622,0.107489836,size
7,1,qu2014,table 2,0,1,27,27,10,24,fore-limb length,mm,6.2,6,0.04,0.06,20,20,0,0,Plestiodon,chinensis,1,1,2,NA,NA,NA,NA,NA,NA,NA,y,n,terrestrial,26,days,NA,0.178885438,0.014696938,-1.544486739,0.129817991,size
8,1,qu2014,table 2,0,1,27,27,10,24,hind-limb length,mm,7.2,7.1,0.05,0.06,20,20,0,0,Plestiodon,chinensis,1,1,2,NA,NA,NA,NA,NA,NA,NA,y,n,terrestrial,26,days,NA,0.223606798,0.014696938,-0.618541636,0.104782422,size
9,1,qu2014,table 2,0,1,27,27,10,24,maximal length,m,0.55,0.67,0.03,0.06,20,20,0,0,Plestiodon,chinensis,1,1,2,NA,NA,NA,NA,NA,NA,NA,y,n,terrestrial,26,days,NA,0.134164079,0.014696938,1.232380261,0.118984514,size
10,1,qu2014,table 2,0,1,27,27,10,24,sprint speed,m * s^-1,0.43,0.46,0.01,0.03,20,20,0,0,Plestiodon,chinensis,1,1,2,NA,NA,NA,NA,NA,NA,NA,y,n,terrestrial,26,days,NA,0.04472136,0.005196152,0.923600962,0.110662984,energetics
1,1,kern2014,figure 2,0,1,24,24,14,24,body mass,g,0.283544304,0.251476793,0.005907173,0.005907173,91,107,1,0,Platyplectrum,ornatum,1,1,2,UV exposure,UV absence,NA,NA,NA,NA,NA,y,n,aquatic,2,days,pulled from time to reach gosner stage 35-37 for xenopus laevis,0.056350839,4.54E-04,-0.836541577,0.022101982,size
1,1,kern2014,figure 2,0,1,24,24,14,24,body mass,g,0.266666667,0.241912799,0.006469761,0.006188467,94,84,1,0,Platyplectrum,ornatum,1,1,2,UV exposure,UV presence,NA,NA,NA,NA,NA,y,n,aquatic,2,days,pulled from time to reach gosner stage 35-37 for xenopus laevis,0.06272666,4.87E-04,-0.540550615,0.023363832,size
1,1,pendlebury2004,figure 1a,0,1,20,18.3,10,24,daily energy expenditure,kJ *day^-1 *kg^-1,300.0770416,354.559212,17.85714286,21.1038961,20,20,1,0,Coturnix,japonica,1,2,2,food level,high food,NA,NA,NA,NA,NA,y,n,terrestrial,7,days,NA,79.85957064,96.94913981,0.601224259,0.104518383,energetics
1,1,pendlebury2004,figure 1a,0,1,20,18.3,10,24,daily energy expenditure,kJ *day^-1 *kg^-1,409.4486022,414.4177856,18.66883117,20.29220779,20,20,1,0,Coturnix,japonica,1,2,2,food level,low food,NA,NA,NA,NA,NA,y,n,terrestrial,7,days,NA,83.48955111,91.41005099,0.055636055,0.100038692,energetics
1,1,pendlebury2004,figure 1a,0,1,20,18.3,20,24,daily energy expenditure,kJ *day^-1 *kg^-1,300.0770416,386.3141096,17.85714286,23.53896104,20,20,1,0,Coturnix,japonica,1,2,2,food level,high food,NA,NA,NA,NA,NA,y,y,terrestrial,7,days,NA,79.85957064,114.2039,0.857745506,0.109196592,energetics
1,1,pendlebury2004,figure 1a,0,1,20,18.3,20,24,daily energy expenditure,kJ *day^-1 *kg^-1,409.4486022,478.6402157,18.66883117,19.48327097,20,20,1,0,Coturnix,japonica,1,2,2,food level,low food,NA,NA,NA,NA,NA,y,y,terrestrial,7,days,NA,83.48955111,85.99888212,0.800148866,0.108002978,energetics
2,1,pendlebury2004,figure 1b,0,1,20,18.3,10,24,egg mass,g,8.658064516,8.709677419,0.361290323,0.258064516,20,20,1,0,Coturnix,japonica,1,2,2,food level,high food,NA,NA,NA,NA,NA,y,n,terrestrial,7,days,NA,1.615739444,0.131096905,0.044131847,0.100024345,size
2,1,pendlebury2004,figure 1b,0,1,20,18.3,10,24,egg mass,g,9.109677419,7.341935484,0.529032258,0.283870968,20,20,1,0,Coturnix,japonica,1,2,2,food level,low food,NA,NA,NA,NA,NA,y,n,terrestrial,7,days,NA,2.365904182,0.151245154,-1.033537193,0.113352489,size
2,1,pendlebury2004,figure 1b,0,1,20,18.3,20,24,egg mass,g,8.658064516,8.529032258,0.361290323,0.335483871,20,20,1,0,Coturnix,japonica,1,2,2,food level,high food,NA,NA,NA,NA,NA,y,y,terrestrial,7,days,NA,1.615739444,0.194315511,-0.109900271,0.100150976,size
2,1,pendlebury2004,figure 1b,0,1,20,18.3,20,24,egg mass,g,9.109677419,6.748387097,0.529032258,0.490322581,20,20,1,0,Coturnix,japonica,1,2,2,food level,low food,NA,NA,NA,NA,NA,y,y,terrestrial,7,days,NA,2.365904182,0.343338766,-1.369041685,0.123428439,size
1,1,semenov2007,figure 1a,1,1,37,16,14,24,survival,CFU * g dry weight manure^-1,8557183.145,3926313.402,1948886.107,1031123.618,3,3,1,1,Escherichia,coli,3,1,0,manure type,untreated,NA,NA,NA,14,days,y,n,terrestrial,14,days,NA,1948886.107,1031123.618,-2.369944379,1.134719697,survivorship
1,1,semenov2007,figure 1a,1,1,37,23,14,24,survival,CFU * g dry weight manure^-1,1168608.855,246023.9821,181593.1785,94114.19375,3,3,1,1,Escherichia,coli,3,1,0,manure type,untreated,NA,NA,NA,14,days,y,n,terrestrial,14,days,NA,181593.1785,94114.19375,-5.089779359,2.825487827,survivorship
1,1,semenov2007,figure 1b,1,1,37,16,14,24,survival,CFU * g dry weight manure^-1,10444025.52,6200872.908,2753380.321,1083019.7,3,3,1,1,Salmonella,enterica,3,1,0,manure type,untreated,NA,NA,NA,14,days,y,n,terrestrial,14,days,NA,2753380.321,1083019.7,-1.618227494,0.884888352,survivorship
1,1,semenov2007,figure 1b,1,1,37,23,14,24,survival,CFU * g dry weight manure^-1,1684283.113,1415609.264,597246.494,456586.4491,3,3,1,1,Salmonella,enterica,3,1,0,manure type,untreated,NA,NA,NA,14,days,y,n,terrestrial,14,days,NA,597246.494,456586.4491,-0.403263722,0.680218469,survivorship
1,1,semenov2007,figure 1c,1,1,37,16,14,24,survival,CFU * g dry weight manure^-1,1095031275,1169769675,247011667.1,263870780.7,3,3,1,1,Escherichia,coli,3,1,0,manure type,sterilized,NA,NA,NA,14,days,y,n,terrestrial,14,days,NA,247011667.1,263870780.7,0.233322449,0.67120328,survivorship
1,1,semenov2007,figure 1c,1,1,37,23,14,24,survival,CFU * g dry weight manure^-1,73080125.27,196746407,14569949.46,20171870.06,3,3,1,1,Escherichia,coli,3,1,0,manure type,sterilized,NA,NA,NA,14,days,y,n,terrestrial,14,days,NA,14569949.46,20171870.06,5.607834368,3.287317191,survivorship
1,1,semenov2007,figure 1c,1,1,37,33,14,24,survival,CFU * g dry weight manure^-1,46034394.72,2875950.203,17521103.29,380867.7531,3,3,1,1,Escherichia,coli,3,1,0,manure type,sterilized,NA,NA,NA,14,days,y,y,terrestrial,14,days,NA,17521103.29,380867.7531,-2.778796926,1.310142696,survivorship
2,2,semenov2007,figure 2a,1,1,37,7,14,24,rate of change,1 day ^-1,-0.050359712,-0.077697842,0.013669065,0.01942446,3,3,1,1,Escherichia,coli,3,1,0,manure type,untreated,NA,NA,NA,NA,NA,y,n,terrestrial,14,days,NA,0.013669065,0.01942446,-1.298749576,0.807229205,energetics
2,2,semenov2007,figure 2a,1,1,37,16,14,24,rate of change,1 day ^-1,-0.10647482,-0.128057554,0.002877698,0.003597122,3,3,1,1,Escherichia,coli,3,1,0,manure type,untreated,NA,NA,NA,NA,NA,y,n,terrestrial,14,days,NA,0.002877698,0.003597122,-5.286696784,2.995763574,energetics
2,2,semenov2007,figure 2b,1,1,37,7,14,24,rate of change,1 day ^-1,-0.018587361,-0.033457249,0.002973978,0.003717472,3,3,1,1,Salmonella,enterica,3,1,0,manure type,untreated,NA,NA,NA,NA,NA,y,n,terrestrial,14,days,NA,0.002973978,0.003717472,-3.524464202,1.701820659,energetics
2,2,semenov2007,figure 2b,1,1,37,23,14,24,rate of change,1 day ^-1,-0.091449814,-0.098884758,0.007434944,0.00669145,3,3,1,1,Salmonella,enterica,3,1,0,manure type,untreated,NA,NA,NA,NA,NA,y,n,terrestrial,14,days,NA,0.007434944,0.00669145,-0.838717607,0.725287269,energetics
2,2,semenov2007,figure 2c,1,1,37,16,14,24,rate of change,1 day ^-1,0.27254902,0.156862745,0.058823529,0.032352941,3,3,1,1,Escherichia,coli,3,1,0,manure type,sterilized,NA,NA,NA,NA,NA,y,n,terrestrial,14,days,NA,0.058823529,0.032352941,-1.944450783,0.981740737,energetics
2,2,semenov2007,figure 2d,1,1,37,7,14,24,rate of change,1 day ^-1,-0.160526316,-0.114473684,0.096710526,0.059868421,3,3,1,1,Salmonella,enterica,3,1,0,manure type,sterilized,NA,NA,NA,NA,NA,y,n,terrestrial,14,days,NA,0.096710526,0.059868421,0.456867376,0.68406065,energetics
2,2,semenov2007,figure 2d,1,1,37,16,14,24,rate of change,1 day ^-1,0.714473684,0.668421053,0.041447368,0.059868421,3,3,1,1,Salmonella,enterica,3,1,0,manure type,sterilized,NA,NA,NA,NA,NA,y,n,terrestrial,14,days,NA,0.041447368,0.059868421,-0.71364964,0.709107984,energetics
2,2,semenov2007,figure 2d,1,1,37,23,14,24,rate of change,1 day ^-1,0.742105263,0.346052632,0.039144737,0.115131579,3,3,1,1,Salmonella,enterica,3,1,0,manure type,sterilized,NA,NA,NA,NA,NA,y,n,terrestrial,14,days,NA,0.039144737,0.115131579,-3.675016117,1.792145289,energetics
2,2,semenov2007,figure 2d,1,1,37,33,14,24,rate of change,1 day ^-1,0.797368421,0.272368421,0.059868421,0.154276316,3,3,1,1,Salmonella,enterica,3,1,0,manure type,sterilized,NA,NA,NA,NA,NA,y,y,terrestrial,14,days,NA,0.059868421,0.154276316,-3.579766858,1.734560896,energetics
1,2,triedel 2015,figure 2a,0,1,29.5,29.5,6,24,oxidative damage,nmol CHE / mgww,33.04137931,34.17931034,0.631034483,0.668965517,69,63,1,0,Trachemys,scripta,1,1,2,NA,NA,NA,NA,NA,NA,NA,y,n,aquatic,61,days,NA,5.241766095,0.547148985,0.296954893,0.030699793,biochemistry
2,2,triedel 2015,figure 2a,0,1,29.5,29.5,6,24,TAC,uM Trolox Equivalents/ mgww,5.433815088,5.545049465,0.006896552,0.006896552,69,63,1,0,Trachemys,scripta,1,1,2,NA,NA,NA,NA,NA,NA,NA,y,n,aquatic,61,days,NA,0.057287063,5.73E-04,2.669079008,0.057350553,biochemistry
1,1,saxon2017,figure 1,0,1,20.5,24,6,24,total offspring,total offspring,175,108.9622642,74.19054274,94.57255998,1600,1600,1,1,Drosophila,birchii,1,2,1,NA,NA,NA,NA,NA,NA,NA,y,y,terrestrial,12,hours,NA,74.19054274,94.57255998,-0.776780547,0.001344279,fecundity
2,1,saxon2017,figure 1,0,1,20.5,24,6,24,offspring per mating,offspring per mating,66.16416255,48.07653524,22.06461781,30.33884949,1600,1600,1,1,Drosophila,birchii,1,2,1,NA,NA,NA,NA,NA,NA,NA,y,y,terrestrial,12,hours,NA,22.06461781,30.33884949,-0.681714356,0.001322615,fecundity
3,1,saxon2017,figure 1,0,1,20.5,24,6,24,wing centroid,wing centroid,1972.5,1925,61.11111111,59.25925926,1600,1600,1,1,Drosophila,birchii,1,2,1,NA,NA,NA,NA,NA,NA,NA,y,y,terrestrial,12,hours,NA,61.11111111,59.25925926,-0.788952299,0.001347257,size
1,1,saxon2017,figure 1,0,1,20.5,17,6,24,total offspring,total offspring,83.80752638,81.60275261,65.82586826,72.33144087,1600,1600,1,1,Drosophila,birchii,1,2,1,NA,NA,NA,NA,NA,NA,NA,y,n,terrestrial,12,hours,NA,65.82586826,72.33144087,-0.031874057,0.001250159,fecundity
2,1,saxon2017,figure 1,0,1,20.5,17,6,24,offspring per mating,offspring per mating,54.99302556,54.99554644,32.30649435,37.0364146,1600,1600,1,1,Drosophila,birchii,1,2,1,NA,NA,NA,NA,NA,NA,NA,y,n,terrestrial,12,hours,NA,32.30649435,37.0364146,7.25E-05,0.00125,fecundity
3,2,saxon2017,figure 1,0,1,20.5,17,6,24,wing centroid,wing centroid,2252.5,2207.5,70.37037037,79.62962963,1600,1600,1,1,Drosophila,birchii,1,2,1,NA,NA,NA,NA,NA,NA,NA,y,n,terrestrial,12,hours,NA,70.37037037,79.62962963,-0.59871968,0.00130601,size
1,2,bernhardt_2018,Figure 2,1,1,16,5,10,24,population growth rate,population growth rate day^-1,0.28682171,0.33247423,0.18143125,0.12064243,9,9,1,1,Tetraselmis,tetrathele,1,1,1,NA,NA,NA,NA,NA,NA,NA,y,NA,aquatic,7,days,NA,0.18143125,0.12064243,0.282172186,0.224433921,energetics
1,2,bernhardt_2018,Figure 2,1,1,16,10,10,24,population growth rate,population growth rate day^-1,0.58914729,0.71907216,0.04838167,0.09651394,9,9,1,1,Tetraselmis,tetrathele,1,1,1,NA,NA,NA,NA,NA,NA,NA,y,NA,aquatic,7,days,NA,0.04838167,0.09651394,1.62065414,0.295181107,energetics
1,1,bernhardt_2018,Figure 2,1,1,16,15,10,24,population growth rate,population growth rate day^-1,1.04651163,0.88530928,0.13304958,0.0844497,9,9,1,1,Tetraselmis,tetrathele,1,1,1,NA,NA,NA,NA,NA,NA,NA,y,NA,aquatic,7,days,NA,0.13304958,0.0844497,-1.377578197,0.274936714,energetics
1,1,bernhardt_2018,Figure 2,1,1,16,20,10,24,population growth rate,population growth rate day^-1,1.31395349,1.2564433,0.25400374,0.31970243,9,9,1,1,Tetraselmis,tetrathele,1,1,1,NA,NA,NA,NA,NA,NA,NA,y,NA,aquatic,7,days,NA,0.25400374,0.31970243,-0.189674459,0.223221567,energetics
1,1,bernhardt_2018,Figure 2,1,1,16,24,10,24,population growth rate,population growth rate day^-1,1.46899225,1.15206186,0.2237652,0.28954182,9,9,1,1,Tetraselmis,tetrathele,1,1,1,NA,NA,NA,NA,NA,NA,NA,y,NA,aquatic,7,days,NA,0.2237652,0.28954182,-1.16636017,0.260011001,energetics
1,1,bernhardt_2018,Figure 2,1,1,16,27,10,24,population growth rate,population growth rate day^-1,1.5503876,0.80412371,0.09071562,0.69972607,9,9,1,1,Tetraselmis,tetrathele,1,1,1,NA,NA,NA,NA,NA,NA,NA,y,NA,aquatic,7,days,NA,0.09071562,0.69972607,-1.424336782,0.27857598,energetics
1,1,fabricio2019_thermal,Figure 2,0,1,25,20,10,24,RMR,ml O2 * kg^-1 *h^-1,13.15315315,11.89189189,8.274941608,3.069736403,13,13,1,1,Crotalus,durissus,1,2,2,NA,NA,NA,NA,NA,NA,NA,NA,NA,terrestrial,4,days,NA,8.274941608,3.069736403,-0.195702447,0.154582682,energetics
1,1,bozinovic2016,Figure 4,1,1,24,20,10,24,Survival,percent,97.42173112,94.84346225,2.394106814,3.314917127,200,200,1,1,Drosophila,melanogaster,1,2,1,NA,NA,NA,NA,NA,NA,NA,NA,NA,terrestrial,15,days,NA,2.394106814,3.314917127,-0.89002008,0.01099017,survivorship
1,1,bahar2012,Table 2,0,1,16,7,14,24,Third instar to pupa,days,14.6,8.81,0.96,1.02,36,36,0,0,Plutella,xylostella,1,0,1,NA,NA,NA,NA,NA,NA,NA,NA,NA,terrestrial,11,days,NA,5.76,1.030149504,-1.384319361,0.068863473,development
2,1,bahar2012,Table 2,0,1,16,7,14,24,Third instar to adult,days,35.1,25.55,1.37,1.85,36,36,0,0,Plutella,xylostella,1,0,1,NA,NA,NA,NA,NA,NA,NA,NA,NA,terrestrial,30,days,NA,8.22,2.516272044,-1.554168586,0.072329444,development
3,1,bahar2012,Table 2,0,1,16,7,14,24,Adult eclosion to death,days,29.4,26.45,1.76,1.78,36,36,0,0,Plutella,xylostella,1,0,1,NA,NA,NA,NA,NA,NA,NA,NA,NA,terrestrial,28,days,NA,10.56,2.374816203,-0.381295521,0.056565182,survivorship
4,1,bahar2012,Table 2,0,1,16,7,14,24,pupal weight,mg,7.89,6.84,0.21,0.23,36,36,0,0,Plutella,xylostella,1,0,1,NA,NA,NA,NA,NA,NA,NA,NA,NA,terrestrial,11,days,NA,1.26,0.110304125,-1.161389726,0.064922403,size
5,1,bahar2012,Table 2,0,1,16,7,14,24,adult weight,mg,0.83,0.71,0.04,0.05,36,36,0,0,Plutella,xylostella,1,2,1,NA,NA,NA,NA,NA,NA,NA,NA,NA,terrestrial,30,days,NA,0.24,0.01118034,-0.698741154,0.058946106,size
1,1,bahar2012,Table 2,0,1,16,22,14,24,Third instar to pupa,days,3.6,3.18,0.22,0.18,36,36,0,0,Plutella,xylostella,1,0,1,NA,NA,NA,NA,NA,NA,NA,NA,NA,terrestrial,3.5,days,NA,1.32,0.076367532,-0.444392586,0.056926978,development
2,1,bahar2012,Table 2,0,1,16,22,14,24,Third instar to adult,days,8.5,8,0.31,0.65,36,36,0,0,Plutella,xylostella,1,0,1,NA,NA,NA,NA,NA,NA,NA,NA,NA,terrestrial,8.25,days,NA,1.86,0.524046754,-0.361981863,0.056465492,development
3,1,bahar2012,Table 2,0,1,16,22,14,24,Adult eclosion to death,days,7,7.8,0.64,0.53,36,36,0,0,Plutella,xylostella,1,0,1,NA,NA,NA,NA,NA,NA,NA,NA,NA,terrestrial,7.4,days,NA,3.84,0.385845824,0.289997601,0.056139574,survivorship
4,1,bahar2012,Table 2,0,1,16,22,14,24,pupal weight,mg,5.65,6.08,0.21,0.19,36,36,0,0,Plutella,xylostella,1,0,1,NA,NA,NA,NA,NA,NA,NA,NA,NA,terrestrial,8.25,days,NA,1.26,0.08281908,0.476407758,0.057131697,size
5,1,bahar2012,Table 2,0,1,16,22,14,24,adult weight,mg,0.69,0.64,0.04,0.06,36,36,0,0,Plutella,xylostella,1,2,1,NA,NA,NA,NA,NA,NA,NA,NA,NA,terrestrial,7.4,days,NA,0.24,0.014696938,-0.290912934,0.056143266,size
1,1,bahar2012,Table 2,0,1,16,30,14,24,Third instar to pupa,days,2.69,2.3,0.17,0.1,36,36,0,0,Plutella,xylostella,1,0,1,NA,NA,NA,NA,NA,NA,NA,NA,NA,terrestrial,2.5,days,NA,1.02,0.031622777,-0.534654059,0.057540659,development
2,1,bahar2012,Table 2,0,1,16,30,14,24,Third instar to adult,days,6.08,6.31,0.24,0.25,36,36,0,0,Plutella,xylostella,1,0,1,NA,NA,NA,NA,NA,NA,NA,NA,NA,terrestrial,6.2,days,NA,1.44,0.125,0.222613899,0.055899701,development
3,1,bahar2012,Table 2,0,1,16,30,14,24,Adult eclosion to death,days,3.92,3.9,0.39,0.31,36,36,0,0,Plutella,xylostella,1,0,1,NA,NA,NA,NA,NA,NA,NA,NA,NA,terrestrial,3.9,days,NA,2.34,0.172600695,-0.011924851,0.055556543,survivorship
4,1,bahar2012,Table 2,0,1,16,30,14,24,pupal weight,mg,5.95,6.02,0.15,0.09,36,36,0,0,Plutella,xylostella,1,0,1,NA,NA,NA,NA,NA,NA,NA,NA,NA,terrestrial,6.2,days,NA,0.9,0.027,0.108762012,0.055637703,size
5,1,bahar2012,Table 2,0,1,16,30,14,24,adult weight,mg,0.69,0.7,0.06,0.04,36,36,0,0,Plutella,xylostella,1,2,1,NA,NA,NA,NA,NA,NA,NA,NA,NA,terrestrial,3.9,days,NA,0.36,0.008,0.03885146,0.055566038,size
1,1,bahar2012,Table 4,0,1,16,7,14,24,egg to pupa,days,15.1,12,0.97,0.68,36,36,0,0,Diadegma,insulare,1,0,1,NA,NA,NA,NA,NA,NA,NA,NA,NA,terrestrial,13.5,days,NA,5.82,0.560742365,-0.741735922,0.059376196,development
2,1,bahar2012,Table 4,0,1,16,7,14,24,egg to adult,days,58.2,48,1.44,1.22,36,36,0,0,Diadegma,insulare,1,0,1,NA,NA,NA,NA,NA,NA,NA,NA,NA,terrestrial,53,days,NA,8.64,1.347534044,-1.631866401,0.074048527,development
3,2,bahar2012,Table 4,0,1,16,7,14,24,Adult eclosion to death,days,11.15,9.26,0.92,0.58,36,36,0,0,Diadegma,insulare,1,2,1,NA,NA,NA,NA,NA,NA,NA,NA,NA,terrestrial,10.25,days,NA,5.52,0.44171484,-0.477478413,0.057138789,survivorship
4,2,bahar2012,Table 4,0,1,16,7,14,24,pupal weight,mg,4.63,4.53,0.15,0.13,36,36,0,0,Diadegma,insulare,1,0,1,NA,NA,NA,NA,NA,NA,NA,NA,NA,terrestrial,13.5,days,NA,0.9,0.046872167,-0.155233824,0.0557229,size
5,2,bahar2012,Table 4,0,1,16,7,14,24,pupal shell weight,mg,0.83,0.86,0.03,0.03,36,36,0,0,Diadegma,insulare,1,0,1,NA,NA,NA,NA,NA,NA,NA,NA,NA,terrestrial,13.5,days,NA,0.18,0.005196152,0.233069217,0.055932787,size
6,2,bahar2012,Table 4,0,1,16,7,14,24,adult weight,mg,0.43,0.4,0.02,0.02,36,36,0,0,Diadegma,insulare,1,2,1,NA,NA,NA,NA,NA,NA,NA,NA,NA,terrestrial,53,days,NA,0.12,0.002828427,-0.349652351,0.056404561,size
1,2,bahar2012,Table 4,0,1,16,22,14,24,egg to pupa,days,4.25,3.45,0.16,0.13,36,36,0,0,Diadegma,insulare,1,0,1,NA,NA,NA,NA,NA,NA,NA,NA,NA,terrestrial,3.85,days,NA,0.96,0.046872167,-1.164444411,0.064971742,development
2,2,bahar2012,Table 4,0,1,16,22,14,24,egg to adult,days,13.14,11.42,0.3,0.57,36,36,0,0,Diadegma,insulare,1,0,1,NA,NA,NA,NA,NA,NA,NA,NA,NA,terrestrial,12.28,days,NA,1.8,0.430340563,-1.300178471,0.067294889,development
3,2,bahar2012,Table 4,0,1,16,22,14,24,Adult eclosion to death,days,3.68,4.44,0.15,0.17,36,36,0,0,Diadegma,insulare,1,2,1,NA,NA,NA,NA,NA,NA,NA,NA,NA,terrestrial,4.06,days,NA,0.9,0.070092796,1.177809402,0.065189132,survivorship
4,2,bahar2012,Table 4,0,1,16,22,14,24,pupal weight,mg,4.55,4.61,0.1,0.11,36,36,0,0,Diadegma,insulare,1,0,1,NA,NA,NA,NA,NA,NA,NA,NA,NA,terrestrial,3.85,days,NA,0.6,0.036482873,0.13964188,0.055690971,size
5,2,bahar2012,Table 4,0,1,16,22,14,24,pupal shell weight,mg,0.88,0.94,0.04,0.04,36,36,0,0,Diadegma,insulare,1,0,1,NA,NA,NA,NA,NA,NA,NA,NA,NA,terrestrial,3.85,days,NA,0.24,0.008,0.349555319,0.05640409,size
6,2,bahar2012,Table 4,0,1,16,22,14,24,adult weight,mg,0.39,0.41,0.01,0.02,36,36,0,0,Diadegma,insulare,1,2,1,NA,NA,NA,NA,NA,NA,NA,NA,NA,terrestrial,12.28,days,NA,0.06,0.002828427,0.465815332,0.057062388,size
1,2,bahar2012,Table 4,0,1,16,30,14,24,egg to pupa,days,3.26,2.56,0.17,0.17,36,36,0,0,Diadegma,insulare,1,0,1,NA,NA,NA,NA,NA,NA,NA,NA,NA,terrestrial,2.91,days,NA,1.02,0.070092796,-0.957837667,0.061926757,development
2,2,bahar2012,Table 4,0,1,16,30,14,24,egg to adult,days,11.08,10.75,0.31,0.25,36,36,0,0,Diadegma,insulare,1,0,1,NA,NA,NA,NA,NA,NA,NA,NA,NA,terrestrial,10.9,days,NA,1.86,0.125,-0.247650679,0.055981464,development
3,2,bahar2012,Table 4,0,1,16,30,14,24,Adult eclosion to death,days,2.77,2.25,0.26,0.48,36,36,0,0,Diadegma,insulare,1,2,1,NA,NA,NA,NA,NA,NA,NA,NA,NA,terrestrial,2.5,days,NA,1.56,0.332553755,-0.456084644,0.057000092,survivorship
4,2,bahar2012,Table 4,0,1,16,30,14,24,pupal weight,mg,3.79,3.29,0.22,0.19,36,36,0,0,Diadegma,insulare,1,0,1,NA,NA,NA,NA,NA,NA,NA,NA,NA,terrestrial,2.91,days,NA,1.32,0.08281908,-0.52888347,0.05749804,size
5,2,bahar2012,Table 4,0,1,16,30,14,24,pupal shell weight,mg,1.02,0.95,0.09,0.1,36,36,0,0,Diadegma,insulare,1,0,1,NA,NA,NA,NA,NA,NA,NA,NA,NA,terrestrial,2.91,days,NA,0.54,0.031622777,-0.181041411,0.055783167,size
6,2,bahar2012,Table 4,0,1,16,30,14,24,adult weight,mg,0.36,0.36,0.01,0.01,36,36,0,0,Diadegma,insulare,1,2,1,NA,NA,NA,NA,NA,NA,NA,NA,NA,terrestrial,10.9,days,NA,0.06,0.001,0,0.055555556,size
1,2,bahar2012,Figure 3,1,1,16,7,14,24,Larval mortaility,percent,2.7518797,2.7518797,2.79699248,2.79699248,36,36,1,0,Plutella,xylostella,1,0,1,NA,NA,NA,NA,NA,NA,NA,NA,NA,terrestrial,13.5,days,NA,16.78195488,4.677749361,0,0.055555556,survivorship
1,2,bahar2012,Figure 3,1,1,16,22,14,24,Larval mortaility,percent,5.54887218,2.7518797,3.51879699,2.79699248,36,36,1,0,Plutella,xylostella,1,0,1,NA,NA,NA,NA,NA,NA,NA,NA,NA,terrestrial,3.5,days,NA,21.11278194,4.677749361,-0.180949233,0.055782935,survivorship
1,3,bahar2012,Figure 3,1,1,16,30,14,24,Larval mortaility,percent,8.30075188,11.0977444,3.78947368,5.59398496,36,36,1,0,Plutella,xylostella,1,0,1,NA,NA,NA,NA,NA,NA,NA,NA,NA,terrestrial,2.5,days,NA,22.73684208,13.23067317,0.148747848,0.055709208,survivorship
1,3,bahar2012,Figure 4,1,1,16,7,14,24,Parasitism success,percent,55.5094488,66.7251545,10.1960371,5.88232907,36,36,1,0,Plutella,xylostella,1,1,1,NA,NA,NA,NA,NA,NA,NA,NA,NA,terrestrial,30,days,NA,61.1762226,14.26671463,0.24978209,0.055988827,survivorship
1,3,bahar2012,Figure 4,1,1,16,22,14,24,Parasitism success,percent,66.764435,64.0583039,9.60780415,5.09801853,36,36,1,0,Plutella,xylostella,1,1,1,NA,NA,NA,NA,NA,NA,NA,NA,NA,terrestrial,8.25,days,NA,57.6468249,11.51071005,-0.064402218,0.055584359,survivorship
1,4,bahar2012,Figure 4,1,1,16,30,14,24,Parasitism success,percent,52.9211591,27.8621775,6.86271725,7.05879489,36,36,1,0,Plutella,xylostella,1,1,1,NA,NA,NA,NA,NA,NA,NA,NA,NA,terrestrial,6.2,days,NA,41.1763035,18.75408344,-0.774818434,0.059724608,survivorship
1,4,bahar2012,Figure 5,1,1,16,22,14,24,Mortaility,percent,8.41340306,16.5987088,4.76821192,6.88762515,36,36,1,0,Diadegma,insulare,1,0,1,NA,NA,NA,NA,NA,NA,NA,NA,NA,terrestrial,12.28,days,NA,28.60927152,18.07608,0.338379957,0.056350701,survivorship
1,4,bahar2012,Figure 5,1,1,16,30,14,24,Mortaility,percent,27.6983376,54.9566989,5.56291391,4.90066225,36,36,1,0,Diadegma,insulare,1,0,1,NA,NA,NA,NA,NA,NA,NA,NA,NA,terrestrial,10.9,days,NA,33.37748346,10.84881138,1.086563113,0.063754301,survivorship
1,5,bahar2012,Figure 5,1,1,16,30,14,24,Mortaility,percent,7.16313015,4.75282523,7.15252581,4.76821192,36,36,1,0,Plutella,xylostella,1,0,1,NA,NA,NA,NA,NA,NA,NA,NA,NA,terrestrial,6.2,days,NA,42.91515486,10.41197996,-0.076358675,0.055596046,survivorship
1,5,delnat2019,Figure 1a,1,1,20,20,7,24,Mortaility,percent,0.573215396,0.551447723,0.498237855,0.249118928,35,35,1,0,Culex,pipiens,1,0,1,insecticide exposure,absence,NA,NA,NA,NA,NA,NA,NA,terrestrial,6,days,NA,2.947614901,0.124339779,-0.010318884,0.057143618,survivorship
1,5,delnat2019,Figure 1a,1,1,20,20,7,24,Mortaility,percent,52.21581093,65.14822749,4.235021768,3.984693525,35,36,1,0,Culex,pipiens,1,0,1,insecticide exposure,presence,NA,NA,NA,NA,NA,NA,NA,terrestrial,6,days,NA,25.05472666,7.954124532,0.69226558,0.059724077,survivorship
1,1,delnat2019,Figure 1a,1,1,20,20,14,24,Mortaility,percent,0.573215396,0.778798977,0.498237855,0.49823786,35,35,1,0,Culex,pipiens,1,0,1,insecticide exposure,absence,NA,NA,NA,NA,NA,NA,NA,terrestrial,6,days,NA,2.947614901,0.351686007,0.096855839,0.057209865,survivorship
1,1,delnat2019,Figure 1a,1,1,20,20,14,24,Mortaility,percent,52.21581093,68.3674245,4.235021768,3.861343376,35,31,1,0,Culex,pipiens,1,0,1,insecticide exposure,presence,NA,NA,NA,NA,NA,NA,NA,terrestrial,6,days,NA,25.05472666,7.587656041,0.84069048,0.066183739,survivorship
1,1,delnat2019,Figure 1b,1,1,20,20,7,24,Mortaility,percent,1.992882562,3.487544484,0.996441281,1.619217082,26,23,1,0,Culex,pipiens,1,2,1,insecticide exposure,absence,sex,male,NA,NA,NA,NA,NA,terrestrial,6,days,NA,5.080873536,2.060428817,0.370940472,0.083343849,survivorship
1,1,delnat2019,Figure 1b,1,1,20,20,7,24,Mortaility,percent,48.57651246,42.84697509,8.220640569,7.722419929,25,26,1,0,Culex,pipiens,1,2,1,insecticide exposure,presence,sex,male,NA,NA,NA,NA,NA,terrestrial,6,days,NA,41.10320285,21.46001993,-0.173070684,0.0787552,survivorship
1,1,delnat2019,Figure 1b,1,1,20,20,14,24,Mortaility,percent,1.992882562,1.99288256,0.996441281,0.996441281,26,27,1,0,Culex,pipiens,1,2,1,insecticide exposure,absence,sex,male,NA,NA,NA,NA,NA,terrestrial,6,days,NA,5.080873536,0.994666674,-5.43E-10,0.075498575,survivorship
1,1,delnat2019,Figure 1b,1,1,20,20,14,24,Mortaility,percent,48.57651246,57.544484,8.220640569,7.722419929,25,25,1,0,Culex,pipiens,1,2,1,insecticide exposure,presence,sex,male,NA,NA,NA,NA,NA,terrestrial,6,days,NA,41.10320285,21.46001993,0.269220308,0.080724796,survivorship
1,1,delnat2019,Figure 1c,1,1,20,20,7,24,Mortaility,percent,0.24911032,1.245551601,0.996441281,0.747330961,19,17,1,0,Culex,pipiens,1,2,1,insecticide exposure,presence,sex,female,NA,NA,NA,NA,NA,terrestrial,6,days,NA,4.343386847,0.646054956,0.305298881,0.112749656,survivorship
1,1,delnat2019,Figure 1c,1,1,20,20,14,24,Mortaility,percent,0.24911032,0.24911032,0.24911032,0.996441281,17,17,1,0,Culex,pipiens,1,2,1,insecticide exposure,absence,sex,female,NA,NA,NA,NA,NA,terrestrial,6,days,NA,1.027108162,0.994666674,0,0.117647059,survivorship
1,1,delnat2019,Figure 1c,1,1,20,20,14,24,Mortaility,percent,0.24911032,0.24911032,0.996441281,0.996441281,19,17,1,0,Culex,pipiens,1,2,1,insecticide exposure,presence,sex,female,NA,NA,NA,NA,NA,terrestrial,6,days,NA,4.343386847,0.994666674,0,0.111455108,survivorship
1,1,dong2008,Table 2,0,1,18,18,4,24,Hexokinase,U mg * prot^-1,1.78,7.14,0.28,1.42,5,5,0,0,Apostichopus,japonicus,1,1,2,NA,NA,NA,NA,NA,NA,NA,NA,NA,aquatic,35,days,NA,0.626099034,1.692125291,3.792539609,1.119167834,biochemistry
1,1,dong2008,Table 2,0,1,18,18,8,24,Hexokinase,U mg * prot^-1,1.78,4.53,0.28,0.84,5,5,0,0,Apostichopus,japonicus,1,1,2,NA,NA,NA,NA,NA,NA,NA,NA,NA,aquatic,35,days,NA,0.626099034,0.769872717,3.537853841,1.02582049,biochemistry
1,1,dong2008,Table 2,0,1,18,18,12,24,Hexokinase,U mg * prot^-1,1.78,2.9,0.28,0.29,5,5,0,0,Apostichopus,japonicus,1,1,2,NA,NA,NA,NA,NA,NA,NA,NA,NA,aquatic,35,days,NA,0.626099034,0.156169779,2.215789208,0.645486091,biochemistry
2,1,dong2008,Table 2,0,1,18,18,4,24,Pyruvate kinase,U mg * prot^-1,47.93,58.54,4.07,6.24,5,5,0,0,Apostichopus,japonicus,1,1,2,NA,NA,NA,NA,NA,NA,NA,NA,NA,aquatic,35,days,NA,9.100796668,15.587515,0.750417819,0.428156345,biochemistry
2,1,dong2008,Table 2,0,1,18,18,8,24,Pyruvate kinase,U mg * prot^-1,47.93,43.49,4.07,5.94,5,5,0,0,Apostichopus,japonicus,1,1,2,NA,NA,NA,NA,NA,NA,NA,NA,NA,aquatic,35,days,NA,9.100796668,14.47703644,-0.331472561,0.405493703,biochemistry
2,1,dong2008,Table 2,0,1,18,18,12,24,Pyruvate kinase,U mg * prot^-1,47.93,37.03,4.07,2.26,5,5,0,0,Apostichopus,japonicus,1,1,2,NA,NA,NA,NA,NA,NA,NA,NA,NA,aquatic,35,days,NA,9.100796668,3.397524982,-1.432434961,0.502593496,biochemistry
3,1,dong2008,Table 2,0,1,18,18,4,24,SOD,U mg * prot^-1,49.71,41.27,5.96,8.82,5,5,0,0,Apostichopus,japonicus,1,1,2,NA,NA,NA,NA,NA,NA,NA,NA,NA,aquatic,35,days,NA,13.32696515,26.1940636,-0.366616272,0.406720375,biochemistry
3,1,dong2008,Table 2,0,1,18,18,8,24,SOD,U mg * prot^-1,49.71,62.89,5.96,3.73,5,5,0,0,Apostichopus,japonicus,1,1,2,NA,NA,NA,NA,NA,NA,NA,NA,NA,aquatic,35,days,NA,13.32696515,7.203826553,1.110660074,0.46167829,biochemistry
3,1,dong2008,Table 2,0,1,18,18,12,24,SOD,U mg * prot^-1,49.71,66.17,5.96,4.57,5,5,0,0,Apostichopus,japonicus,1,1,2,NA,NA,NA,NA,NA,NA,NA,NA,NA,aquatic,35,days,NA,13.32696515,9.769544155,1.271648841,0.480854539,biochemistry
4,1,dong2008,Table 2,0,1,18,18,4,24,Catalase,U mg * prot^-1,42.59,52.57,5.09,4.29,5,5,0,0,Apostichopus,japonicus,1,1,2,NA,NA,NA,NA,NA,NA,NA,NA,NA,aquatic,35,days,NA,11.38158601,8.885583211,0.882355733,0.438927582,biochemistry
4,1,dong2008,Table 2,0,1,18,18,8,24,Catalase,U mg * prot^-1,42.59,48.74,5.09,8.22,5,5,0,0,Apostichopus,japonicus,1,1,2,NA,NA,NA,NA,NA,NA,NA,NA,NA,aquatic,35,days,NA,11.38158601,23.56718583,0.299988671,0.40449966,biochemistry
4,1,dong2008,Table 2,0,1,18,18,12,24,Catalase,U mg * prot^-1,42.59,52.55,5.09,4.92,5,5,0,0,Apostichopus,japonicus,1,1,2,NA,NA,NA,NA,NA,NA,NA,NA,NA,aquatic,35,days,NA,11.38158601,10.91308792,0.806375618,0.432512082,biochemistry
5,1,dong2008,Table 2,0,1,18,18,4,24,Hsp70,RU^2,21.11,7.69,10.66,5.19,5,5,0,0,Apostichopus,japonicus,1,1,2,NA,NA,NA,NA,NA,NA,NA,NA,NA,aquatic,35,days,NA,23.83648464,11.82363561,-0.643877401,0.420728905,biochemistry
5,1,dong2008,Table 2,0,1,18,18,8,24,Hsp70,RU^2,21.11,35.99,10.66,17.37,5,5,0,0,Apostichopus,japonicus,1,1,2,NA,NA,NA,NA,NA,NA,NA,NA,NA,aquatic,35,days,NA,23.83648464,72.39352563,0.249236857,0.403105951,biochemistry
5,1,dong2008,Table 2,0,1,18,18,12,24,Hsp70,RU^2,21.11,97.01,10.66,20.72,5,5,0,0,Apostichopus,japonicus,1,1,2,NA,NA,NA,NA,NA,NA,NA,NA,NA,aquatic,35,days,NA,23.83648464,94.31583774,0.996029874,0.449603776,biochemistry
1,1,dong2008,Figure 2,0,1,18,18,4,24,group mean body weight,g,4.82674772,6.194528875,0.387537994,0.281155015,5,5,0,0,Apostichopus,japonicus,1,1,2,NA,NA,NA,NA,NA,NA,NA,NA,NA,aquatic,35,days,NA,0.866561298,0.149079783,1.985838209,0.59717767,size
1,1,dong2008,Figure 2,0,1,18,18,8,24,group mean body weight,g,4.82674772,4.553191489,0.387537994,0.410334347,5,5,0,0,Apostichopus,japonicus,1,1,2,NA,NA,NA,NA,NA,NA,NA,NA,NA,aquatic,35,days,NA,0.866561298,0.262849289,-0.38565139,0.40743635,size
1,2,dong2008,Figure 2,0,1,18,18,12,24,group mean body weight,g,4.82674772,3.808510638,0.387537994,0.509118541,5,5,0,0,Apostichopus,japonicus,1,1,2,NA,NA,NA,NA,NA,NA,NA,NA,NA,aquatic,35,days,NA,0.866561298,0.363269027,-1.383422862,0.495692941,size
1,2,maek2015,Figure 2,0,1,30,25,10,24,development time,days,42.39673473,37.77290221,4.286076616,5.103963498,346,371,1,1,Tribolium,castaneum,1,0,1,NA,NA,NA,NA,NA,NA,NA,NA,NA,terrestrial,40.03,days,NA,4.286076616,5.103963498,-0.977144337,0.006251429,development
1,2,maek2015,Figure 2,0,1,30,30,10,24,development time,days,24.12252102,26.00311328,5.024726291,4.947414057,393,381,1,1,Tribolium,castaneum,1,0,1,NA,NA,NA,NA,NA,NA,NA,NA,NA,terrestrial,25,days,NA,5.024726291,4.947414057,0.376745953,0.005260892,development
1,1,maek2015,Figure 3a,0,1,30,25,10,24,body mass,mg,2.161374046,2.282671756,1.159426258,1.200585023,346,371,1,1,Tribolium,castaneum,1,0,1,sex,female,NA,NA,NA,NA,NA,NA,NA,terrestrial,40.03,days,NA,1.159426258,1.200585023,0.102608164,0.005592933,size
1,1,maek2015,Figure 3a,0,1,30,30,10,24,body mass,mg,2.304580153,2.274656489,1.230154816,1.211227214,393,381,1,1,Tribolium,castaneum,1,0,1,sex,female,NA,NA,NA,NA,NA,NA,NA,terrestrial,25,days,NA,1.230154816,1.211227214,-0.024486198,0.005169588,size
1,2,maek2015,Figure 3b,0,1,30,25,10,24,body mass,mg,2.068931298,2.190229008,1.154250248,1.195225268,346,371,1,1,Tribolium,castaneum,1,0,1,sex,male,NA,NA,NA,NA,NA,NA,NA,terrestrial,40.03,days,NA,1.154250248,1.195225268,0.10306829,0.005592999,size
1,2,maek2015,Figure 3b,0,1,30,30,10,24,body mass,mg,2.223358779,2.180076336,1.235671205,1.205795702,393,381,1,1,Tribolium,castaneum,1,0,1,sex,male,NA,NA,NA,NA,NA,NA,NA,terrestrial,25,days,NA,1.235671205,1.205795702,-0.035412252,0.005170011,size
1,2,michel2010,Figure 2,0,1,23,23,10,24,body mass,g,73.880597,71.3006397,26.9722814,25.0959488,8,8,1,0,Vipera,aspis,1,2,1,NA,NA,NA,NA,NA,NA,NA,NA,NA,terrestrial,90,days,NA,76.28913233,125.720306,-0.023453474,0.25001719,size
1,2,michel2010,Figure 2,0,1,23,23,10,12,body mass,g,73.880597,76.6950959,26.9722814,26.2686567,8,8,1,0,Vipera,aspis,1,2,1,NA,NA,NA,NA,NA,NA,NA,NA,NA,terrestrial,90,days,NA,76.28913233,134.634635,0.024314141,0.250018474,size
1,1,michel2010,Figure 2,0,1,23,23,10,48,body mass,g,73.880597,73.1769723,26.9722814,22.5159915,8,8,1,0,Vipera,aspis,1,2,1,NA,NA,NA,NA,NA,NA,NA,NA,NA,terrestrial,90,days,NA,76.28913233,106.8406728,-0.007164979,0.250001604,size
2,1,michel2010,Figure 2,0,1,23,23,10,24,body size,cm,209.211087,209.914712,9.61620469,10.0852878,8,8,1,0,Vipera,aspis,1,2,1,NA,NA,NA,NA,NA,NA,NA,NA,NA,terrestrial,90,days,NA,27.19873418,32.02819353,0.022386027,0.25001566,size
2,1,michel2010,Figure 2,0,1,23,23,10,12,body size,cm,209.211087,209.445629,9.61620469,10.554371,8,8,1,0,Vipera,aspis,1,2,1,NA,NA,NA,NA,NA,NA,NA,NA,NA,terrestrial,90,days,NA,27.19873418,34.28850375,0.0071641,0.250001604,size
2,1,michel2010,Figure 2,0,1,23,23,10,48,body size,cm,209.211087,209.211087,9.61620469,10.554371,8,8,1,0,Vipera,aspis,1,2,1,NA,NA,NA,NA,NA,NA,NA,NA,NA,terrestrial,90,days,NA,27.19873418,34.28850375,0,0.25,size
1,1,peng2014,Table 2,0,1,20,20,10,24,final mass,g,7.78,7.46,0.28,0.22,30,30,0,0,Parabramis,pekinensis,1,1,2,NA,NA,NA,NA,NA,NA,NA,NA,NA,aquatic,30,days,NA,1.533623161,0.103189147,-0.290592361,0.067370366,size
2,1,peng2014,Table 2,0,1,20,20,10,24,final length,cm,7.54,7.47,0.09,0.08,30,30,0,0,Parabramis,pekinensis,1,1,2,NA,NA,NA,NA,NA,NA,NA,NA,NA,aquatic,30,days,NA,0.492950302,0.022627417,-0.198002914,0.066993376,size
3,1,peng2014,Table 2,0,1,20,20,10,24,specific growth rate,percent *d^-1,0.71,0.73,0.06,0.07,30,30,0,0,Parabramis,pekinensis,1,1,2,NA,NA,NA,NA,NA,NA,NA,NA,NA,aquatic,30,days,NA,0.328633535,0.018520259,0.08481317,0.066726611,energetics
4,1,peng2014,Table 2,0,1,20,20,10,24,feeding rate,percent body mass * d^-1,2.62,3.03,0.1,0.11,30,30,0,0,Parabramis,pekinensis,1,1,2,NA,NA,NA,NA,NA,NA,NA,NA,NA,aquatic,30,days,NA,0.547722558,0.036482873,1.042547081,0.075724203,energetics
5,1,peng2014,Table 2,0,1,20,20,10,24,feeding efficiency,percent,26.21,24.41,1.67,2.32,30,30,0,0,Parabramis,pekinensis,1,1,2,NA,NA,NA,NA,NA,NA,NA,NA,NA,aquatic,30,days,NA,9.14696671,3.533718721,-0.256225397,0.067213762,energetics
1,1,vatansever2009,Table 1,0,1,25,22,8,24,developmental time,days,36.5,29.2,0.64,0.94,13,9,0,1,Cales,noacki,1,0,1,sex,male,NA,NA,NA,NA,NA,NA,NA,terrestrial,32.85,days,NA,0.64,0.94,-9.071664681,2.058377372,development
1,1,vatansever2009,Table 1,0,1,25,30,8,24,developmental time,days,18.5,21,0.27,0.6,24,12,0,1,Cales,noacki,1,0,1,sex,female,NA,NA,NA,NA,NA,NA,NA,terrestrial,36.5,days,NA,0.27,0.6,6.003367245,0.625561365,development
1,1,vatansever2009,Table 1,0,1,25,30,8,24,developmental time,days,18.9,22.1,0.36,0.85,15,8,0,1,Cales,noacki,1,0,1,sex,male,NA,NA,NA,NA,NA,NA,NA,terrestrial,19.75,days,NA,0.36,0.85,5.391382379,0.823558057,development
2,1,vatansever2009,Table 1,0,1,25,22,8,24,longevity,days,8,7.6,0.26,0.19,32,37,0,1,Cales,noacki,1,0,1,sex,female,NA,NA,NA,NA,NA,NA,NA,terrestrial,40.85,days,NA,0.26,0.19,-1.756929302,0.080645147,survivorship
2,1,vatansever2009,Table 1,0,1,25,22,8,24,longevity,days,7.5,7.4,0.33,0.26,12,12,0,1,Cales,noacki,1,0,1,sex,male,NA,NA,NA,NA,NA,NA,NA,terrestrial,44,days,NA,0.33,0.26,-0.324992042,0.16886708,survivorship
2,1,vatansever2009,Table 1,0,1,25,30,8,24,longevity,days,7,6.2,0.32,0.48,21,19,0,1,Cales,noacki,1,0,1,sex,female,NA,NA,NA,NA,NA,NA,NA,terrestrial,43.1,days,NA,0.32,0.48,-1.941910089,0.147388312,survivorship
2,1,vatansever2009,Table 1,0,1,25,30,8,24,longevity,days,7,6.2,0.39,0.34,18,16,0,1,Cales,noacki,1,0,1,sex,male,NA,NA,NA,NA,NA,NA,NA,terrestrial,26.75,days,NA,0.39,0.34,-2.125897262,0.184517896,survivorship
1,1,verheyen2020,Figure 1,0,1,22,20,5,24,Sqrt of available energy,J,1.28137931,1.22241379,0.03724138,0.03724138,24,24,1,0,Ischnura,elegans,1,0,1,latitude,high,Chlorpyrifos concentration,absent,NA,NA,NA,NA,NA,terrestrial,53,days,NA,0.182444757,0.007186851,-0.449220788,0.08543541,energetics
1,1,verheyen2020,Figure 1,0,1,22,20,20,24,Sqrt of available energy,J,1.28137931,1.2037931,0.03724138,0.03724138,24,24,1,0,Ischnura,elegans,1,0,1,latitude,high,Chlorpyrifos concentration,absent,NA,NA,NA,NA,NA,terrestrial,53,days,NA,0.182444757,0.007186851,-0.59107998,0.086972662,energetics
1,1,verheyen2020,Figure 1,0,1,22,20,5,24,Sqrt of available energy,J,1.16344828,1.19448276,0.03568966,0.03724138,24,24,1,0,Ischnura,elegans,1,0,1,latitude,high,Chlorpyrifos concentration,low,NA,NA,NA,NA,NA,terrestrial,53,days,NA,0.174842912,0.007186851,0.246694605,0.083967273,energetics
1,1,verheyen2020,Figure 1,0,1,22,20,20,24,Sqrt of available energy,J,1.16344828,1.12,0.03568966,0.03724138,24,24,1,0,Ischnura,elegans,1,0,1,latitude,high,Chlorpyrifos concentration,low,NA,NA,NA,NA,NA,terrestrial,53,days,NA,0.174842912,0.007186851,-0.34537251,0.084575856,energetics
1,1,verheyen2020,Figure 1,0,1,22,20,5,24,Sqrt of available energy,J,1.23793103,1.23172414,0.03724138,0.03724138,24,24,1,0,Ischnura,elegans,1,0,1,latitude,high,Chlorpyrifos concentration,medium,NA,NA,NA,NA,NA,terrestrial,53,days,NA,0.182444757,0.007186851,-0.047286347,0.083356625,energetics
1,1,verheyen2020,Figure 1,0,1,22,20,20,24,Sqrt of available energy,J,1.23793103,1.14793103,0.03724138,0.03724138,24,24,1,0,Ischnura,elegans,1,0,1,latitude,high,Chlorpyrifos concentration,medium,NA,NA,NA,NA,NA,terrestrial,53,days,NA,0.182444757,0.007186851,-0.685652749,0.088230413,energetics
1,1,verheyen2020,Figure 1,0,1,22,20,5,24,Sqrt of available energy,J,1.08586207,1.16344828,0.03568966,0.03724138,24,24,1,0,Ischnura,elegans,1,0,1,latitude,high,Chlorpyrifos concentration,high,NA,NA,NA,NA,NA,terrestrial,53,days,NA,0.174842912,0.007186851,0.616736591,0.087295459,energetics
1,1,verheyen2020,Figure 1,0,1,22,20,20,24,Sqrt of available energy,J,1.08586207,1.13241379,0.03568966,0.03568966,24,24,1,0,Ischnura,elegans,1,0,1,latitude,high,Chlorpyrifos concentration,high,NA,NA,NA,NA,NA,terrestrial,53,days,NA,0.174842912,0.006742386,0.37007932,0.084759986,energetics
1,1,verheyen2020,Figure 1,0,1,22,24,5,24,Sqrt of available energy,J,1.16655172,1.17896552,0.03568966,0.03568966,24,24,1,0,Ischnura,elegans,1,0,1,latitude,high,Chlorpyrifos concentration,absent,NA,NA,NA,NA,NA,terrestrial,53,days,NA,0.174842912,0.006742386,0.098687882,0.083434784,energetics
1,1,verheyen2020,Figure 1,0,1,22,24,20,24,Sqrt of available energy,J,1.16655172,1.16344828,0.03568966,0.03568966,24,24,1,0,Ischnura,elegans,1,0,1,latitude,high,Chlorpyrifos concentration,absent,NA,NA,NA,NA,NA,terrestrial,53,days,NA,0.174842912,0.006742386,-0.024671891,0.083339674,energetics
1,1,verheyen2020,Figure 1,0,1,22,24,5,24,Sqrt of available energy,J,1.07344828,1.08896552,0.03724138,0.03568966,24,24,1,0,Ischnura,elegans,1,0,1,latitude,high,Chlorpyrifos concentration,low,NA,NA,NA,NA,NA,terrestrial,53,days,NA,0.182444757,0.006742386,0.118226959,0.083478933,energetics
1,1,verheyen2020,Figure 1,0,1,22,24,20,24,Sqrt of available energy,J,1.07344828,1.13862069,0.03724138,0.03568966,24,24,1,0,Ischnura,elegans,1,0,1,latitude,high,Chlorpyrifos concentration,low,NA,NA,NA,NA,NA,terrestrial,53,days,NA,0.182444757,0.006742386,0.496553243,0.08590172,energetics
1,1,verheyen2020,Figure 1,0,1,22,24,5,24,Sqrt of available energy,J,1.01448276,1.06724138,0.03413793,0.03568966,24,24,1,0,Ischnura,elegans,1,0,1,latitude,high,Chlorpyrifos concentration,medium,NA,NA,NA,NA,NA,terrestrial,53,days,NA,0.167241019,0.006742386,0.438457763,0.085335888,energetics
1,1,verheyen2020,Figure 1,0,1,22,24,20,24,Sqrt of available energy,J,1.01448276,1.08275862,0.03413793,0.03568966,24,24,1,0,Ischnura,elegans,1,0,1,latitude,high,Chlorpyrifos concentration,medium,NA,NA,NA,NA,NA,terrestrial,53,days,NA,0.167241019,0.006742386,0.567415919,0.086687092,energetics
1,1,verheyen2020,Figure 1,0,1,22,24,5,24,Sqrt of available energy,J,1.08275862,0.98965517,0.03413793,0.03568966,24,24,1,0,Ischnura,elegans,1,0,1,latitude,high,Chlorpyrifos concentration,high,NA,NA,NA,NA,NA,terrestrial,53,days,NA,0.167241019,0.006742386,-0.773749018,0.089569662,energetics
1,1,verheyen2020,Figure 1,0,1,22,24,20,24,Sqrt of available energy,J,1.08275862,0.98655172,0.03413793,0.03724138,24,24,1,0,Ischnura,elegans,1,0,1,latitude,high,Chlorpyrifos concentration,high,NA,NA,NA,NA,NA,terrestrial,53,days,NA,0.167241019,0.007186851,-0.799452335,0.089990875,energetics
1,1,verheyen2020,Figure 1,0,1,22,20,5,24,Sqrt of available energy,J,1.14172414,1.01758621,0.03568966,0.03724138,24,24,1,0,Ischnura,elegans,1,0,1,latitude,low,Chlorpyrifos concentration,absent,NA,NA,NA,NA,NA,terrestrial,53,days,NA,0.174842912,0.007186851,-0.986778499,0.093476373,energetics
1,1,verheyen2020,Figure 1,0,1,22,20,20,24,Sqrt of available energy,J,1.14172414,1.05482759,0.03568966,0.03568966,24,24,1,0,Ischnura,elegans,1,0,1,latitude,low,Chlorpyrifos concentration,absent,NA,NA,NA,NA,NA,terrestrial,53,days,NA,0.174842912,0.006742386,-0.690814779,0.088304428,energetics
1,1,verheyen2020,Figure 1,0,1,22,20,5,24,Sqrt of available energy,J,1.07965517,1.00517241,0.03568966,0.03724138,24,24,1,0,Ischnura,elegans,1,0,1,latitude,low,Chlorpyrifos concentration,low,NA,NA,NA,NA,NA,terrestrial,53,days,NA,0.174842912,0.007186851,-0.592067115,0.086984828,energetics
1,1,verheyen2020,Figure 1,0,1,22,20,20,24,Sqrt of available energy,J,1.07965517,1.05793103,0.03568966,0.03568966,24,24,1,0,Ischnura,elegans,1,0,1,latitude,low,Chlorpyrifos concentration,low,NA,NA,NA,NA,NA,terrestrial,53,days,NA,0.174842912,0.006742386,-0.172703715,0.083644027,energetics
1,1,verheyen2020,Figure 1,0,1,22,20,5,24,Sqrt of available energy,J,1.11068966,0.99896552,0.03568966,0.03568966,24,24,1,0,Ischnura,elegans,1,0,1,latitude,low,Chlorpyrifos concentration,medium,NA,NA,NA,NA,NA,terrestrial,53,days,NA,0.174842912,0.006742386,-0.888190464,0.091550857,energetics
1,1,verheyen2020,Figure 1,0,1,22,20,20,24,Sqrt of available energy,J,1.11068966,0.91827586,0.03568966,0.03568966,24,24,1,0,Ischnura,elegans,1,0,1,latitude,low,Chlorpyrifos concentration,medium,NA,NA,NA,NA,NA,terrestrial,53,days,NA,0.174842912,0.006742386,-1.529661381,0.107706916,energetics
1,1,verheyen2020,Figure 1,0,1,22,20,5,24,Sqrt of available energy,J,1.07655172,0.95551724,0.03568966,0.03568966,24,24,1,0,Ischnura,elegans,1,0,1,latitude,low,Chlorpyrifos concentration,high,NA,NA,NA,NA,NA,terrestrial,53,days,NA,0.174842912,0.006742386,-0.962206296,0.09297751,energetics
1,1,verheyen2020,Figure 1,0,1,22,20,20,24,Sqrt of available energy,J,1.07655172,0.9462069,0.03568966,0.03568966,24,24,1,0,Ischnura,elegans,1,0,1,latitude,low,Chlorpyrifos concentration,high,NA,NA,NA,NA,NA,terrestrial,53,days,NA,0.174842912,0.006742386,-1.036222128,0.094518295,energetics
1,1,verheyen2020,Figure 1,0,1,22,24,5,24,Sqrt of available energy,J,1.08586207,1.13241379,0.03568966,0.03568966,24,24,1,0,Ischnura,elegans,1,0,1,latitude,low,Chlorpyrifos concentration,absent,NA,NA,NA,NA,NA,terrestrial,53,days,NA,0.174842912,0.006742386,0.37007932,0.084759986,energetics
1,1,verheyen2020,Figure 1,0,1,22,24,20,24,Sqrt of available energy,J,1.08586207,1.10448276,0.03568966,0.03413793,24,24,1,0,Ischnura,elegans,1,0,1,latitude,low,Chlorpyrifos concentration,absent,NA,NA,NA,NA,NA,terrestrial,53,days,NA,0.174842912,0.006307478,0.148045467,0.08356164,energetics
1,1,verheyen2020,Figure 1,0,1,22,24,5,24,Sqrt of available energy,J,1.03,1.11689655,0.03413793,0.03413793,24,24,1,0,Ischnura,elegans,1,0,1,latitude,low,Chlorpyrifos concentration,low,NA,NA,NA,NA,NA,terrestrial,53,days,NA,0.167241019,0.006307478,0.722238884,0.088766969,energetics
1,1,verheyen2020,Figure 1,0,1,22,24,20,24,Sqrt of available energy,J,1.03,0.9462069,0.03413793,0.03568966,24,24,1,0,Ischnura,elegans,1,0,1,latitude,low,Chlorpyrifos concentration,low,NA,NA,NA,NA,NA,terrestrial,53,days,NA,0.167241019,0.006742386,-0.696374074,0.088384759,energetics
1,1,verheyen2020,Figure 1,0,1,22,24,5,24,Sqrt of available energy,J,1.00827586,0.99275862,0.03568966,0.03568966,24,24,1,0,Ischnura,elegans,1,0,1,latitude,low,Chlorpyrifos concentration,medium,NA,NA,NA,NA,NA,terrestrial,53,days,NA,0.174842912,0.006742386,-0.123359773,0.08349185,energetics
1,1,verheyen2020,Figure 1,0,1,22,24,20,24,Sqrt of available energy,J,1.00827586,0.96793103,0.03568966,0.03568966,24,24,1,0,Ischnura,elegans,1,0,1,latitude,low,Chlorpyrifos concentration,medium,NA,NA,NA,NA,NA,terrestrial,53,days,NA,0.174842912,0.006742386,-0.320735458,0.084404909,energetics
1,1,verheyen2020,Figure 1,0,1,22,24,5,24,Sqrt of available energy,J,1.01137931,0.95862069,0.03724138,0.03568966,24,24,1,0,Ischnura,elegans,1,0,1,latitude,low,Chlorpyrifos concentration,high,NA,NA,NA,NA,NA,terrestrial,53,days,NA,0.182444757,0.006742386,-0.401971691,0.085016471,energetics
1,1,verheyen2020,Figure 1,0,1,22,24,20,24,Sqrt of available energy,J,1.01137931,0.95862069,0.03724138,0.03413793,24,24,1,0,Ischnura,elegans,1,0,1,latitude,low,Chlorpyrifos concentration,high,NA,NA,NA,NA,NA,terrestrial,53,days,NA,0.182444757,0.006307478,-0.402005918,0.085016758,energetics
1,1,verheyen2020,Figure 2,0,1,22,20,5,24,Energy consumption,J,1.29512195,1.25121951,0.07134146,0.07134146,24,24,1,0,Ischnura,elegans,1,0,1,latitude,high,Chlorpyrifos concentration,absent,NA,NA,NA,NA,NA,terrestrial,53,days,NA,0.349500349,0.019055177,-0.174472229,0.083650422,energetics
1,1,verheyen2020,Figure 2,0,1,22,20,20,24,Energy consumption,J,1.29512195,1.14512195,0.07134146,0.07134146,24,24,1,0,Ischnura,elegans,1,0,1,latitude,high,Chlorpyrifos concentration,absent,NA,NA,NA,NA,NA,terrestrial,53,days,NA,0.349500349,0.019055177,-0.596113435,0.087034909,energetics
1,2,verheyen2020,Figure 2,0,1,22,20,5,24,Energy consumption,J,1.23292683,1.18170732,0.0695122,0.07317073,24,24,1,0,Ischnura,elegans,1,0,1,latitude,high,Chlorpyrifos concentration,low,NA,NA,NA,NA,NA,terrestrial,53,days,NA,0.340538842,0.019792747,-0.208865272,0.083787757,energetics
1,2,verheyen2020,Figure 2,0,1,22,20,20,24,Energy consumption,J,1.23292683,1.20365854,0.0695122,0.07134146,24,24,1,0,Ischnura,elegans,1,0,1,latitude,high,Chlorpyrifos concentration,low,NA,NA,NA,NA,NA,terrestrial,53,days,NA,0.340538842,0.019055177,-0.119366276,0.083481753,energetics
1,2,verheyen2020,Figure 2,0,1,22,20,5,24,Energy consumption,J,1.4597561,1.31707317,0.07317073,0.07134146,24,24,1,0,Ischnura,elegans,1,0,1,latitude,high,Chlorpyrifos concentration,medium,NA,NA,NA,NA,NA,terrestrial,53,days,NA,0.358461905,0.019055177,-0.552899317,0.086517684,energetics
1,2,verheyen2020,Figure 2,0,1,22,20,20,24,Energy consumption,J,1.4597561,1.25853659,0.07317073,0.07134146,24,24,1,0,Ischnura,elegans,1,0,1,latitude,high,Chlorpyrifos concentration,medium,NA,NA,NA,NA,NA,terrestrial,53,days,NA,0.358461905,0.019055177,-0.77972978,0.089666443,energetics
1,2,verheyen2020,Figure 2,0,1,22,20,5,24,Energy consumption,J,1.31341463,1.35,0.07134146,0.07134146,24,24,1,0,Ischnura,elegans,1,0,1,latitude,high,Chlorpyrifos concentration,high,NA,NA,NA,NA,NA,terrestrial,53,days,NA,0.349500349,0.019055177,0.145393537,0.083553534,energetics
1,2,verheyen2020,Figure 2,0,1,22,20,20,24,Energy consumption,J,1.31341463,1.20365854,0.07134146,0.07134146,24,24,1,0,Ischnura,elegans,1,0,1,latitude,high,Chlorpyrifos concentration,high,NA,NA,NA,NA,NA,terrestrial,53,days,NA,0.349500349,0.019055177,-0.436180532,0.08531514,energetics
1,2,verheyen2020,Figure 2,0,1,22,24,5,24,Energy consumption,J,1.02439024,1.1195122,0.0695122,0.07134146,24,24,1,0,Ischnura,elegans,1,0,1,latitude,high,Chlorpyrifos concentration,absent,NA,NA,NA,NA,NA,terrestrial,53,days,NA,0.340538842,0.019055177,0.387940468,0.084901019,energetics
1,2,verheyen2020,Figure 2,0,1,22,24,20,24,Energy consumption,J,1.02439024,1.14512195,0.0695122,0.07317073,24,24,1,0,Ischnura,elegans,1,0,1,latitude,high,Chlorpyrifos concentration,absent,NA,NA,NA,NA,NA,terrestrial,53,days,NA,0.340538842,0.019792747,0.492325315,0.085858169,energetics
1,2,verheyen2020,Figure 2,0,1,22,24,5,24,Energy consumption,J,1.01341463,1.12317073,0.0695122,0.07134146,24,24,1,0,Ischnura,elegans,1,0,1,latitude,high,Chlorpyrifos concentration,low,NA,NA,NA,NA,NA,terrestrial,53,days,NA,0.340538842,0.019055177,0.447623585,0.085420488,energetics
1,2,verheyen2020,Figure 2,0,1,22,24,20,24,Energy consumption,J,1.01341463,1.14512195,0.0695122,0.07317073,24,24,1,0,Ischnura,elegans,1,0,1,latitude,high,Chlorpyrifos concentration,low,NA,NA,NA,NA,NA,terrestrial,53,days,NA,0.340538842,0.019792747,0.537082162,0.086338096,energetics
1,2,verheyen2020,Figure 2,0,1,22,24,5,24,Energy consumption,J,1.0902439,1.10853659,0.07317073,0.07134146,24,24,1,0,Ischnura,elegans,1,0,1,latitude,high,Chlorpyrifos concentration,medium,NA,NA,NA,NA,NA,terrestrial,53,days,NA,0.358461905,0.019055177,0.070884554,0.083385673,energetics
1,2,verheyen2020,Figure 2,0,1,22,24,20,24,Energy consumption,J,1.0902439,1.01707317,0.07317073,0.07134146,24,24,1,0,Ischnura,elegans,1,0,1,latitude,high,Chlorpyrifos concentration,medium,NA,NA,NA,NA,NA,terrestrial,53,days,NA,0.358461905,0.019055177,-0.283538098,0.084170769,energetics
1,2,verheyen2020,Figure 2,0,1,22,24,5,24,Energy consumption,J,1.08292683,1.13780488,0.0695122,0.0695122,24,24,1,0,Ischnura,elegans,1,0,1,latitude,high,Chlorpyrifos concentration,high,NA,NA,NA,NA,NA,terrestrial,53,days,NA,0.340538842,0.018327007,0.223837983,0.083855244,energetics
1,2,verheyen2020,Figure 2,0,1,22,24,20,24,Energy consumption,J,1.08292683,1.1597561,0.0695122,0.07317073,24,24,1,0,Ischnura,elegans,1,0,1,latitude,high,Chlorpyrifos concentration,high,NA,NA,NA,NA,NA,terrestrial,53,days,NA,0.340538842,0.019792747,0.313297928,0.084355787,energetics
1,2,verheyen2020,Figure 2,0,1,22,20,5,24,Energy consumption,J,1.19634146,0.99878049,0.07134146,0.07134146,24,24,1,0,Ischnura,elegans,1,0,1,latitude,low,Chlorpyrifos concentration,absent,NA,NA,NA,NA,NA,terrestrial,53,days,NA,0.349500349,0.019055177,-0.785124989,0.089754388,energetics
1,2,verheyen2020,Figure 2,0,1,22,20,20,24,Energy consumption,J,1.19634146,1.00609756,0.07134146,0.07134146,24,24,1,0,Ischnura,elegans,1,0,1,latitude,low,Chlorpyrifos concentration,absent,NA,NA,NA,NA,NA,terrestrial,53,days,NA,0.349500349,0.019055177,-0.756046298,0.089287563,energetics
1,2,verheyen2020,Figure 2,0,1,22,20,5,24,Energy consumption,J,1.15609756,1.11585366,0.07134146,0.07134146,24,24,1,0,Ischnura,elegans,1,0,1,latitude,low,Chlorpyrifos concentration,low,NA,NA,NA,NA,NA,terrestrial,53,days,NA,0.349500349,0.019055177,-0.159932863,0.083599776,energetics
1,2,verheyen2020,Figure 2,0,1,22,20,20,24,Energy consumption,J,1.15609756,0.99512195,0.07134146,0.07134146,24,24,1,0,Ischnura,elegans,1,0,1,latitude,low,Chlorpyrifos concentration,low,NA,NA,NA,NA,NA,terrestrial,53,days,NA,0.349500349,0.019055177,-0.639731492,0.087596421,energetics
1,2,verheyen2020,Figure 2,0,1,22,20,5,24,Energy consumption,J,1.17439024,1.14146341,0.07317073,0.07134146,24,24,1,0,Ischnura,elegans,1,0,1,latitude,low,Chlorpyrifos concentration,medium,NA,NA,NA,NA,NA,terrestrial,53,days,NA,0.358461905,0.019055177,-0.12759215,0.083502914,energetics
1,2,verheyen2020,Figure 2,0,1,22,20,20,24,Energy consumption,J,1.17439024,0.97317073,0.07317073,0.07317073,24,24,1,0,Ischnura,elegans,1,0,1,latitude,low,Chlorpyrifos concentration,medium,NA,NA,NA,NA,NA,terrestrial,53,days,NA,0.358461905,0.019792747,-0.779643103,0.089665035,energetics
1,2,verheyen2020,Figure 2,0,1,22,20,5,24,Energy consumption,J,1.2402439,1.10853659,0.07134146,0.0695122,24,24,1,0,Ischnura,elegans,1,0,1,latitude,low,Chlorpyrifos concentration,high,NA,NA,NA,NA,NA,terrestrial,53,days,NA,0.349500349,0.018327007,-0.523474803,0.086187769,energetics
1,2,verheyen2020,Figure 2,0,1,22,20,20,24,Energy consumption,J,1.2402439,0.99512195,0.07134146,0.07134146,24,24,1,0,Ischnura,elegans,1,0,1,latitude,low,Chlorpyrifos concentration,high,NA,NA,NA,NA,NA,terrestrial,53,days,NA,0.349500349,0.019055177,-0.974136583,0.093218147,energetics
1,2,verheyen2020,Figure 2,0,1,22,24,5,24,Energy consumption,J,1.0097561,1.08292683,0.0695122,0.07134146,24,24,1,0,Ischnura,elegans,1,0,1,latitude,low,Chlorpyrifos concentration,absent,NA,NA,NA,NA,NA,terrestrial,53,days,NA,0.340538842,0.019055177,0.29841571,0.084260958,energetics
1,2,verheyen2020,Figure 2,0,1,22,24,20,24,Energy consumption,J,1.0097561,0.94756098,0.0695122,0.0695122,24,24,1,0,Ischnura,elegans,1,0,1,latitude,low,Chlorpyrifos concentration,absent,NA,NA,NA,NA,NA,terrestrial,53,days,NA,0.340538842,0.018327007,-0.253683033,0.084003699,energetics
1,2,verheyen2020,Figure 2,0,1,22,24,5,24,Energy consumption,J,0.95853659,1.14146341,0.07134146,0.0695122,24,24,1,0,Ischnura,elegans,1,0,1,latitude,low,Chlorpyrifos concentration,low,NA,NA,NA,NA,NA,terrestrial,53,days,NA,0.349500349,0.018327007,0.72704834,0.088839576,energetics
1,2,verheyen2020,Figure 2,0,1,22,24,20,24,Energy consumption,J,0.95853659,1.01707317,0.07134146,0.07134146,24,24,1,0,Ischnura,elegans,1,0,1,latitude,low,Chlorpyrifos concentration,low,NA,NA,NA,NA,NA,terrestrial,53,days,NA,0.349500349,0.019055177,0.232629612,0.083897047,energetics
1,2,verheyen2020,Figure 2,0,1,22,24,5,24,Energy consumption,J,1.00609756,1.13780488,0.0695122,0.07134146,24,24,1,0,Ischnura,elegans,1,0,1,latitude,low,Chlorpyrifos concentration,medium,NA,NA,NA,NA,NA,terrestrial,53,days,NA,0.340538842,0.019055177,0.537148302,0.086338836,energetics
1,2,verheyen2020,Figure 2,0,1,22,24,20,24,Energy consumption,J,1.00609756,1.04634146,0.0695122,0.0695122,24,24,1,0,Ischnura,elegans,1,0,1,latitude,low,Chlorpyrifos concentration,medium,NA,NA,NA,NA,NA,terrestrial,53,days,NA,0.340538842,0.018327007,0.16414784,0.083614005,energetics
1,2,verheyen2020,Figure 2,0,1,22,24,5,24,Energy consumption,J,1.04634146,1.01707317,0.0695122,0.0695122,24,24,1,0,Ischnura,elegans,1,0,1,latitude,low,Chlorpyrifos concentration,high,NA,NA,NA,NA,NA,terrestrial,53,days,NA,0.340538842,0.018327007,-0.119380244,0.083481788,energetics
1,2,verheyen2020,Figure 2,0,1,22,24,20,24,Energy consumption,J,1.04634146,1.01707317,0.0695122,0.0695122,24,24,1,0,Ischnura,elegans,1,0,1,latitude,low,Chlorpyrifos concentration,high,NA,NA,NA,NA,NA,terrestrial,53,days,NA,0.340538842,0.018327007,-0.119380244,0.083481788,energetics
1,2,verheyen2020,Figure 3,0,1,22,20,5,24,Sqrt Cellular energy allocation (CEA),NA,1.174711246,1.149410913,0.041134752,0.042553191,24,24,1,0,Ischnura,elegans,1,0,1,latitude,high,Chlorpyrifos concentration,absent,NA,NA,NA,NA,NA,terrestrial,53,days,NA,0.201518306,0.008778053,-0.174473668,0.083650428,energetics
1,2,verheyen2020,Figure 3,0,1,22,20,20,24,Sqrt Cellular energy allocation (CEA),NA,1.174711246,1.209205384,0.041134752,0.042558981,24,24,1,0,Ischnura,elegans,1,0,1,latitude,high,Chlorpyrifos concentration,absent,NA,NA,NA,NA,NA,terrestrial,53,days,NA,0.201518306,0.008779845,0.237874989,0.083922755,energetics
1,3,verheyen2020,Figure 3,0,1,22,20,5,24,Sqrt Cellular energy allocation (CEA),NA,1.090554349,1.158871038,0.041134752,0.041134752,24,24,1,0,Ischnura,elegans,1,0,1,latitude,high,Chlorpyrifos concentration,low,NA,NA,NA,NA,NA,terrestrial,53,days,NA,0.201518306,0.008342829,0.471161977,0.085645767,energetics
1,3,verheyen2020,Figure 3,0,1,22,20,20,24,Sqrt Cellular energy allocation (CEA),NA,1.090554349,1.068322478,0.041134752,0.041134752,24,24,1,0,Ischnura,elegans,1,0,1,latitude,high,Chlorpyrifos concentration,low,NA,NA,NA,NA,NA,terrestrial,53,days,NA,0.201518306,0.008342829,-0.153327283,0.083578221,energetics
1,3,verheyen2020,Figure 3,0,1,22,20,5,24,Sqrt Cellular energy allocation (CEA),NA,1.063135041,1.122941091,0.041134752,0.041134752,24,24,1,0,Ischnura,elegans,1,0,1,latitude,high,Chlorpyrifos concentration,medium,NA,NA,NA,NA,NA,terrestrial,53,days,NA,0.201518306,0.008342829,0.412466371,0.085105505,energetics
1,3,verheyen2020,Figure 3,0,1,22,20,20,24,Sqrt Cellular energy allocation (CEA),NA,1.063135041,1.080619482,0.041134752,0.039716312,24,24,1,0,Ischnura,elegans,1,0,1,latitude,high,Chlorpyrifos concentration,medium,NA,NA,NA,NA,NA,terrestrial,53,days,NA,0.201518306,0.007915045,0.120595834,0.083484827,energetics
1,3,verheyen2020,Figure 3,0,1,22,20,5,24,Sqrt Cellular energy allocation (CEA),NA,1.00167318,1.050131712,0.041134752,0.04397163,24,24,1,0,Ischnura,elegans,1,0,1,latitude,high,Chlorpyrifos concentration,high,NA,NA,NA,NA,NA,terrestrial,53,days,NA,0.201518306,0.009220593,0.334142256,0.084496365,energetics
1,3,verheyen2020,Figure 3,0,1,22,20,20,24,Sqrt Cellular energy allocation (CEA),NA,1.00167318,1.092916486,0.041134752,0.03971631,24,24,1,0,Ischnura,elegans,1,0,1,latitude,high,Chlorpyrifos concentration,high,NA,NA,NA,NA,NA,terrestrial,53,days,NA,0.201518306,0.007915044,0.629334538,0.087458979,energetics
1,3,verheyen2020,Figure 3,0,1,22,24,5,24,Sqrt Cellular energy allocation (CEA),NA,1.204191634,1.156184687,0.039716312,0.039716312,24,24,1,0,Ischnura,elegans,1,0,1,latitude,high,Chlorpyrifos concentration,absent,NA,NA,NA,NA,NA,terrestrial,53,days,NA,0.194569398,0.007915045,-0.342925906,0.084558314,energetics
1,3,verheyen2020,Figure 3,0,1,22,24,20,24,Sqrt Cellular energy allocation (CEA),NA,1.204191634,1.139394992,0.039716312,0.042553191,24,24,1,0,Ischnura,elegans,1,0,1,latitude,high,Chlorpyrifos concentration,absent,NA,NA,NA,NA,NA,terrestrial,53,days,NA,0.194569398,0.008778053,-0.462771096,0.085564136,energetics
1,3,verheyen2020,Figure 3,0,1,22,24,5,24,Sqrt Cellular energy allocation (CEA),NA,1.128533796,1.080538428,0.041134752,0.042553191,24,24,1,0,Ischnura,elegans,1,0,1,latitude,high,Chlorpyrifos concentration,low,NA,NA,NA,NA,NA,terrestrial,53,days,NA,0.201518306,0.008778053,-0.330980936,0.084474462,energetics
1,3,verheyen2020,Figure 3,0,1,22,24,20,24,Sqrt Cellular energy allocation (CEA),NA,1.128533796,1.128985381,0.041134752,0.042553191,24,24,1,0,Ischnura,elegans,1,0,1,latitude,high,Chlorpyrifos concentration,low,NA,NA,NA,NA,NA,terrestrial,53,days,NA,0.201518306,0.008778053,0.003114176,0.083333434,energetics
1,3,verheyen2020,Figure 3,0,1,22,24,5,24,Sqrt Cellular energy allocation (CEA),NA,1.021670285,1.0587813,0.041134752,0.041134752,24,24,1,0,Ischnura,elegans,1,0,1,latitude,high,Chlorpyrifos concentration,medium,NA,NA,NA,NA,NA,terrestrial,53,days,NA,0.201518306,0.008342829,0.255944769,0.084015705,energetics
1,3,verheyen2020,Figure 3,0,1,22,24,20,24,Sqrt Cellular energy allocation (CEA),NA,1.021670285,1.132760168,0.041134752,0.042553191,24,24,1,0,Ischnura,elegans,1,0,1,latitude,high,Chlorpyrifos concentration,medium,NA,NA,NA,NA,NA,terrestrial,53,days,NA,0.201518306,0.008778053,0.766087123,0.089446765,energetics
1,3,verheyen2020,Figure 3,0,1,22,24,5,24,Sqrt Cellular energy allocation (CEA),NA,1.090704878,0.980286583,0.039716312,0.041134752,24,24,1,0,Ischnura,elegans,1,0,1,latitude,high,Chlorpyrifos concentration,high,NA,NA,NA,NA,NA,terrestrial,53,days,NA,0.194569398,0.008342829,-0.788673813,0.089812566,energetics
1,3,verheyen2020,Figure 3,0,1,22,24,20,24,Sqrt Cellular energy allocation (CEA),NA,1.090704878,0.977681285,0.039716312,0.042553191,24,24,1,0,Ischnura,elegans,1,0,1,latitude,high,Chlorpyrifos concentration,high,NA,NA,NA,NA,NA,terrestrial,53,days,NA,0.194569398,0.008778053,-0.807203126,0.090120593,energetics
1,3,verheyen2020,Figure 3,0,1,22,20,5,24,Sqrt Cellular energy allocation (CEA),NA,1.103129252,1.083502678,0.039716312,0.041134752,24,24,1,0,Ischnura,elegans,1,0,1,latitude,low,Chlorpyrifos concentration,absent,NA,NA,NA,NA,NA,terrestrial,53,days,NA,0.194569398,0.008342829,-0.140184785,0.083538039,energetics
1,3,verheyen2020,Figure 3,0,1,22,20,20,24,Sqrt Cellular energy allocation (CEA),NA,1.103129252,1.106429295,0.039716312,0.039722102,24,24,1,0,Ischnura,elegans,1,0,1,latitude,low,Chlorpyrifos concentration,absent,NA,NA,NA,NA,NA,terrestrial,53,days,NA,0.194569398,0.007916776,0.023573043,0.083339122,energetics
1,3,verheyen2020,Figure 3,0,1,22,20,5,24,Sqrt Cellular energy allocation (CEA),NA,1.061548705,1.010716457,0.041134752,0.041134752,24,24,1,0,Ischnura,elegans,1,0,1,latitude,low,Chlorpyrifos concentration,low,NA,NA,NA,NA,NA,terrestrial,53,days,NA,0.201518306,0.008342829,-0.350576452,0.084613582,energetics
1,3,verheyen2020,Figure 3,0,1,22,20,20,24,Sqrt Cellular energy allocation (CEA),NA,1.061548705,1.130108554,0.041134752,0.039716312,24,24,1,0,Ischnura,elegans,1,0,1,latitude,low,Chlorpyrifos concentration,low,NA,NA,NA,NA,NA,terrestrial,53,days,NA,0.201518306,0.007915045,0.472879412,0.085662656,energetics
1,3,verheyen2020,Figure 3,0,1,22,20,5,24,Sqrt Cellular energy allocation (CEA),NA,1.102237661,0.980483427,0.042553191,0.039716312,24,24,1,0,Ischnura,elegans,1,0,1,latitude,low,Chlorpyrifos concentration,medium,NA,NA,NA,NA,NA,terrestrial,53,days,NA,0.20846721,0.007915045,-0.811826652,0.090198568,energetics
1,3,verheyen2020,Figure 3,0,1,22,20,20,24,Sqrt Cellular energy allocation (CEA),NA,1.102237661,0.980726589,0.042553191,0.039716312,24,24,1,0,Ischnura,elegans,1,0,1,latitude,low,Chlorpyrifos concentration,medium,NA,NA,NA,NA,NA,terrestrial,53,days,NA,0.20846721,0.007915045,-0.810205309,0.090171173,energetics
1,3,verheyen2020,Figure 3,0,1,22,20,5,24,Sqrt Cellular energy allocation (CEA),NA,1.03228832,0.978630771,0.041134752,0.041134752,24,24,1,0,Ischnura,elegans,1,0,1,latitude,low,Chlorpyrifos concentration,high,NA,NA,NA,NA,NA,terrestrial,53,days,NA,0.201518306,0.008342829,-0.3700618,0.084759851,energetics
1,3,verheyen2020,Figure 3,0,1,22,20,20,24,Sqrt Cellular energy allocation (CEA),NA,1.03228832,1.001557389,0.041134752,0.039716312,24,24,1,0,Ischnura,elegans,1,0,1,latitude,low,Chlorpyrifos concentration,high,NA,NA,NA,NA,NA,terrestrial,53,days,NA,0.201518306,0.007915045,-0.211961152,0.083801328,energetics
1,3,verheyen2020,Figure 3,0,1,22,24,5,24,Sqrt Cellular energy allocation (CEA),NA,1.138352873,1.161267911,0.039716312,0.039716312,24,24,1,0,Ischnura,elegans,1,0,1,latitude,low,Chlorpyrifos concentration,absent,NA,NA,NA,NA,NA,terrestrial,53,days,NA,0.194569398,0.007915045,0.16368798,0.083612435,energetics
1,3,verheyen2020,Figure 3,0,1,22,24,20,24,Sqrt Cellular energy allocation (CEA),NA,1.138352873,1.201215805,0.039716312,0.041134752,24,24,1,0,Ischnura,elegans,1,0,1,latitude,low,Chlorpyrifos concentration,absent,NA,NA,NA,NA,NA,terrestrial,53,days,NA,0.194569398,0.008342829,0.449004835,0.085433389,energetics
1,3,verheyen2020,Figure 3,0,1,22,24,5,24,Sqrt Cellular energy allocation (CEA),NA,1.127954842,1.125337965,0.039716312,0.039716312,24,24,1,0,Ischnura,elegans,1,0,1,latitude,low,Chlorpyrifos concentration,low,NA,NA,NA,NA,NA,terrestrial,53,days,NA,0.194569398,0.007915045,-0.018693022,0.083336973,energetics
1,3,verheyen2020,Figure 3,0,1,22,24,20,24,Sqrt Cellular energy allocation (CEA),NA,1.127954842,0.980888696,0.039716312,0.039716312,24,24,1,0,Ischnura,elegans,1,0,1,latitude,low,Chlorpyrifos concentration,low,NA,NA,NA,NA,NA,terrestrial,53,days,NA,0.194569398,0.007915045,-1.050531112,0.094829329,energetics
1,3,verheyen2020,Figure 3,0,1,22,24,5,24,Sqrt Cellular energy allocation (CEA),NA,1.069318281,1.009963815,0.039716312,0.039716312,24,24,1,0,Ischnura,elegans,1,0,1,latitude,low,Chlorpyrifos concentration,medium,NA,NA,NA,NA,NA,terrestrial,53,days,NA,0.194569398,0.007915045,-0.423984138,0.08520586,energetics
1,3,verheyen2020,Figure 3,0,1,22,24,20,24,Sqrt Cellular energy allocation (CEA),NA,1.069318281,1.007346939,0.039716312,0.039710523,24,24,1,0,Ischnura,elegans,1,0,1,latitude,low,Chlorpyrifos concentration,medium,NA,NA,NA,NA,NA,terrestrial,53,days,NA,0.194569398,0.007913314,-0.442677313,0.085374617,energetics
1,3,verheyen2020,Figure 3,0,1,22,24,5,24,Sqrt Cellular energy allocation (CEA),NA,1.05607179,0.999565784,0.039716312,0.041134752,24,24,1,0,Ischnura,elegans,1,0,1,latitude,low,Chlorpyrifos concentration,high,NA,NA,NA,NA,NA,terrestrial,53,days,NA,0.194569398,0.008342829,-0.403599849,0.085030134,energetics
1,3,verheyen2020,Figure 3,0,1,22,24,20,24,Sqrt Cellular energy allocation (CEA),NA,1.05607179,0.999785787,0.039716312,0.039716312,24,24,1,0,Ischnura,elegans,1,0,1,latitude,low,Chlorpyrifos concentration,high,NA,NA,NA,NA,NA,terrestrial,53,days,NA,0.194569398,0.007915045,-0.402065322,0.085017255,energetics
1,3,burghardt2015,Figure 2b,0,1,20,22,20,24,median days to bolt,days,58.3061903,54.74060823,14.67505241,6.289308176,12,12,1,1,Arabidopsis,thaliana,0,1,2,light cycle,long days,genotype,Col ld-1,NA,NA,NA,NA,NA,terrestrial,56.5,days,NA,14.67505241,6.289308176,-0.30491578,0.168603617,development
1,3,burghardt2015,Figure 2b,0,1,20,22,20,24,median days to bolt,days,54.20521026,44.35471774,8.909704744,6.289203349,12,12,1,1,Arabidopsis,thaliana,0,1,2,light cycle,long days,genotype,Col fve-3,NA,NA,NA,NA,NA,terrestrial,49.3,days,NA,8.909704744,6.289203349,-1.233231722,0.19835126,development
1,1,burghardt2015,Figure 2c,0,1,20,22,20,24,median days to bolt,days,71.6120551,65.18587218,6.319115324,8.425487098,12,12,1,1,Arabidopsis,thaliana,0,1,2,light cycle,short days,genotype,Col,NA,NA,NA,NA,NA,terrestrial,68.4,days,NA,6.319115324,8.425487098,-0.833092325,0.181125892,development
1,1,burghardt2015,Figure 3a,0,1,20,22,20,24,median days to bolt,days,60.4338843,40.80578512,8.800122436,3.443526171,12,12,1,1,Arabidopsis,thaliana,0,1,2,light cycle,long days,genotype,Col fld-3,NA,NA,NA,NA,NA,terrestrial,50.6,days,NA,8.800122436,3.443526171,-2.835943204,0.334220289,development
1,1,burghardt2015,Figure 3a,0,1,20,22,20,24,median days to bolt,days,70.76446281,53.20247934,11.09580655,14.53933272,12,12,1,1,Arabidopsis,thaliana,0,1,2,light cycle,long days,genotype,Col fpa-7,NA,NA,NA,NA,NA,terrestrial,62,days,NA,11.09580655,14.53933272,-1.311036142,0.202475328,development
1,2,burghardt2015,Figure 3c,0,1,20,12,12,24,median days to bolt,days,79.41027313,74.18314859,11.00136578,6.600819468,12,12,1,1,Arabidopsis,thaliana,0,1,2,light cycle,short days,genotype,Col,NA,NA,NA,NA,NA,terrestrial,76.8,days,NA,11.00136578,6.600819468,-0.556277981,0.173113442,development
1,2,burghardt2015,Figure 3c,0,1,20,22,20,24,median days to bolt,days,64.50409331,58.53437658,6.600819468,7.700956046,12,12,1,1,Arabidopsis,thaliana,0,1,2,light cycle,short days,genotype,Col,NA,NA,NA,NA,NA,terrestrial,61.5,days,NA,6.600819468,7.700956046,-0.803605198,0.180120444,development
1,2,burghardt2015,Figure 3c,0,1,20,12,12,24,median days to bolt,days,63.6709411,63.64196189,7.700956046,4.400546312,12,12,1,1,Arabidopsis,thaliana,0,1,2,light cycle,short days,genotype,Col (V),NA,NA,NA,NA,NA,terrestrial,63.7,days,NA,7.700956046,4.400546312,-0.00446096,0.166667081,development
1,2,burghardt2015,Figure 3c,0,1,20,12,12,24,median days to bolt,days,141.9582699,124.1070782,12.65157065,11.00136578,12,12,1,1,Arabidopsis,thaliana,0,1,2,light cycle,short days,genotype,Col vin3-4 FRI,NA,NA,NA,NA,NA,terrestrial,133,days,NA,12.65157065,11.00136578,-1.453743644,0.21069522,development
1,2,burghardt2015,Figure 3c,0,1,20,12,12,24,median days to bolt,days,118.0504238,113.5695139,12.10150236,12.65157065,12,12,1,1,Arabidopsis,thaliana,0,1,2,light cycle,short days,genotype,Col vin3-4 FRI (V),NA,NA,NA,NA,NA,terrestrial,115.8,days,NA,12.10150236,12.65157065,-0.349453956,0.169210793,development
1,2,burghardt2015,Figure 5a,0,1,20,22,20,24,median days to bolt,days,20.8839779,20.8839779,1.718845918,2.209944751,12,12,1,1,Arabidopsis,thaliana,0,1,2,light cycle,long days,genotype,Col,NA,NA,NA,NA,NA,terrestrial,20.9,days,NA,1.718845918,2.209944751,0,0.166666667,development
1,2,burghardt2015,Figure 5b,0,1,20,22,20,24,median days to bolt,days,64.72081218,58.62944162,6.768189509,8.460236887,12,12,1,1,Arabidopsis,thaliana,0,1,2,light cycle,short days,genotype,Col,NA,NA,NA,NA,NA,terrestrial,61.7,days,NA,6.768189509,8.460236887,-0.767636565,0.17894304,development
1,3,burghardt2015,Figure 5d,0,1,20,22,20,24,median days to bolt,days,53.03030303,43.93939394,5.611672278,6.734006734,12,12,1,1,Arabidopsis,thaliana,0,1,2,light cycle,short days,genotype,Col,NA,NA,NA,NA,NA,terrestrial,48.5,days,NA,5.611672278,6.734006734,-1.41600629,0.208439038,development
1,3,burghardt2015,Figure 5e,0,1,20,22,20,24,median days to bolt,days,20.8839779,20.8839779,1.841620626,1.596071209,12,12,1,1,Arabidopsis,thaliana,0,1,2,light cycle,long days,genotype,Col,NA,NA,NA,NA,NA,terrestrial,20.9,days,NA,1.841620626,1.596071209,0,0.166666667,development
1,3,burghardt2015,Figure 5f,0,1,20,22,20,24,median days to bolt,days,66.31578947,60,6.237816764,8.576998051,12,12,1,1,Arabidopsis,thaliana,0,1,2,light cycle,short days,genotype,Col,NA,NA,NA,NA,NA,terrestrial,63.2,days,NA,6.237816764,8.576998051,-0.813100514,0.180440259,development
1,3,burghardt2015,Figure S8a,0,1,20,12,12,24,blade length/total leaf length,NA,0.609134267,0.602867665,0.050135501,0.048780488,12,12,1,1,Arabidopsis,thaliana,0,1,2,light cycle,long days,location,Columbia background,NA,NA,NA,NA,NA,terrestrial,20.9,days,NA,0.050135501,0.048780488,-0.122316473,0.166978361,size
1,3,burghardt2015,Figure S8a,0,1,20,12,12,24,blade length/total leaf length,NA,0.606000966,0.607033325,0.044715447,0.043360434,12,12,1,1,Arabidopsis,thaliana,0,1,2,light cycle,short days,location,Columbia background,NA,NA,NA,NA,NA,terrestrial,61.7,days,NA,0.044715447,0.043360434,0.02262989,0.166677336,size
1,4,burghardt2015,Figure S8a,0,1,20,22,20,24,blade length/total leaf length,NA,0.625851244,0.5354383,0.037940379,0.056910569,12,12,1,1,Arabidopsis,thaliana,0,1,2,light cycle,long days,location,Columbia background,NA,NA,NA,NA,NA,terrestrial,20.9,days,NA,0.037940379,0.056910569,-1.804813554,0.234528166,size
1,4,burghardt2015,Figure S8a,0,1,20,22,20,24,blade length/total leaf length,NA,0.591620382,0.554247163,0.035230352,0.052845528,12,12,1,1,Arabidopsis,thaliana,0,1,2,light cycle,short days,location,Columbia background,NA,NA,NA,NA,NA,terrestrial,63.2,days,NA,0.035230352,0.052845528,-0.803427928,0.180114509,size
1,4,burghardt2015,Figure S8a,0,1,20,12,12,24,blade length/total leaf length,NA,0.668177976,0.658252837,0.067750678,0.048780488,12,12,1,1,Arabidopsis,thaliana,0,1,2,light cycle,long days,location,Landsberg background,NA,NA,NA,NA,NA,terrestrial,20.9,days,NA,0.067750678,0.048780488,-0.162321085,0.167215586,size
1,4,burghardt2015,Figure S8a,0,1,20,12,12,24,blade length/total leaf length,NA,0.676020285,0.673412219,0.059620596,0.063685637,12,12,1,1,Arabidopsis,thaliana,0,1,2,light cycle,short days,location,Landsberg background,NA,NA,NA,NA,NA,terrestrial,61.7,days,NA,0.059620596,0.063685637,-0.040818567,0.166701378,size
1,4,burghardt2015,Figure S8a,0,1,20,22,20,24,blade length/total leaf length,NA,0.692755373,0.50354383,0.073170732,0.078590786,12,12,1,1,Arabidopsis,thaliana,0,1,2,light cycle,short days,location,Landsberg background,NA,NA,NA,NA,NA,terrestrial,63.2,days,NA,0.073170732,0.078590786,-2.405853882,0.287252769,size
2,4,burghardt2015,Figure S8b,0,1,20,22,20,24,hypocotyl length,mm,5.052264808,13.31010453,0.851722803,1.89701897,12,12,1,1,Arabidopsis,thaliana,0,1,2,light cycle,short days,location,Columbia,NA,NA,NA,NA,NA,terrestrial,63.2,days,NA,0.851722803,1.89701897,5.422043878,0.779136663,size
2,4,burghardt2015,Figure S8b,0,1,20,22,20,24,hypocotyl length,mm,7.770034843,13.31010453,1.08401084,1.89701897,12,12,1,1,Arabidopsis,thaliana,0,1,2,light cycle,short days,location,Landsburg,NA,NA,NA,NA,NA,terrestrial,63.2,days,NA,1.08401084,1.89701897,3.462023381,0.416366789,size
1,4,prakoso2021,Figure 2a,0,1,29.5,30,10,24,Survival,percent,96.0280374,94.3925234,1.1682243,2.80373832,4,4,1,1,Osphronemus,goramy,1,0,2,NA,NA,NA,NA,NA,NA,NA,NA,NA,aquatic,21,days,NA,1.1682243,2.80373832,-0.661458876,0.52734549,survivorship
1,4,prakoso2021,Figure 3a,0,1,29.5,30,10,24,body weight,mg,276.470588,178.431373,47.5490196,37.254902,88,88,1,1,Osphronemus,goramy,1,0,2,NA,NA,NA,NA,NA,NA,NA,NA,NA,aquatic,21,days,NA,47.5490196,37.254902,-2.28538004,0.037565233,size
2,1,prakoso2021,Figure 3b,0,1,29.5,30,10,24,total length,mm,26.1152416,22.8252788,1.366171,1.67286245,88,88,1,1,Osphronemus,goramy,1,0,2,NA,NA,NA,NA,NA,NA,NA,NA,NA,aquatic,21,days,NA,1.366171,1.67286245,-2.144894952,0.035797086,size
1,2,prakoso2021,Figure 4a,0,1,29.5,30,10,24,cortisol,ng *mL^-1,6.11764706,13.8039216,6.2745098,5.80392157,40,40,1,1,Osphronemus,goramy,1,0,2,NA,NA,NA,NA,NA,NA,NA,NA,NA,aquatic,21,days,NA,6.2745098,5.80392157,1.259488002,0.059914438,biochemistry
2,2,prakoso2021,Figure 4b,0,1,29.5,30,10,24,glucose,mg *dL^-1,46.9626168,43.8084112,20.3271028,17.5233645,40,40,1,1,Osphronemus,goramy,1,0,2,NA,NA,NA,NA,NA,NA,NA,NA,NA,aquatic,21,days,NA,20.3271028,17.5233645,-0.164607106,0.050169347,biochemistry